{
"Afghanistan":"Afganistanas",
"Algeria":"Alžyras",
"Abkhazia":"Abchazija",
"Alabama":"Alabama",
"Albania":"Albanija",
"Algeria_Central":"Alžyras – Centras",
"Andorra":"Andora",
"Algeria_Coast":"Alžyras – Šiaurė",
"Angola":"Angola",
"Antarctica":"Antarktida",
"Austria":"Austrija",
"Bulgaria":"Bulgarija",
"Estonia":"Estija",
"Finland":"Suomija",
"Hungary":"Vengrija",
"India":"Indija",
"Ireland":"Airija",
"Italy":"Italija",
"Nauru":"Naurų",
"Poland":"Lenkija",
"Romania":"Rumunija",
"Slovakia":"Slovakija",
"Slovenia":"Slovėnija",
"Tokelau":"Tokelau",
"United States of America Short":"USA",
"United Kingdom Short":"JK",
"Czech Republic Short":"Čekija",
"Australia":"Australija",
"Belgium":"Belgija",
"Canada":"Kanada",
"Cyprus":"Kipras",
"France":"Prancūzija",
"France_Midi-Pyrenees_Lot":"Lo",
"Germany":"Vokietija",
"Latvia":"Latvija",
"Lithuania":"Lietuva",
"Tokelau Description":"Tokelau",
"Japan":"Japonija",
"Luxembourg":"Liuksemburgas",
"Croatia":"Kroatija",
"Denmark":"Danija",
"Greece":"Graikija",
"Malta":"Malta",
"Netherlands":"Nyderlandai",
"Portugal":"Portugalija",
"Russian Federation":"Rusija",
"Spain":"Ispanija",
"Sweden":"Švedija",
"Tuvalu":"Tuvalu",
"US_Delaware":"Delaveras",
"US_Pennsylvania_Reading":"Redingas",
"United Kingdom":"Jungtinė Karalystė",
"Armenia":"Armėnija",
"Azerbaijan":"Azerbaidžanas",
"Italy_Lombardy":"Lombardija",
"Jamaica":"Jamaika",
"Spain_Extremadura":"Ispanų kalbos Ekstremadūros tarmė",
"US_Georgia":"Džordžija",
"Spain_Galicia_North Short":"Galisų",
"Azerbaijan Region":"Azerbaidžanas",
"Bolivia":"Bolivija",
"Canada_Ontario_Bame":"Baris",
"France_Corsica":"Korsika",
"Georgia Region":"Sakartvelas",
"Georgia":"Sakartvelas",
"Indiana":"Indiana",
"Spain_Galicia":"Galisija",
"Spain_Galicia_South Short":"Galisų",
"Ethiopia":"Etiopija",
"Germany_Free State of Bavaria":"Bavarija",
"Italy_Liguria":"Ligūrija",
"Italy_Sardinia":"Sardinija",
"Malaysia":"Malaysian",
"Mongolia":"Mongolų",
"Pakistan":"Pakistano",
"Serbia":"Serbų",
"Somalia":"Somaliečių",
"India_Gujarat":"Gudžaratas",
"India_Manipur":"Manipuras",
"India_Punjab":"Pandžabas",
"India_Rajasthan":"Radžastanas",
"Indonesia":"Indonezija",
"Anguilla":"Angilija",
"Antigua and Barbuda":"Antigva ir Barbuda",
"Argentina":"Argentina",
"Bahrain":"Bahreinas",
"Bangladesh":"Bangladešas",
"Belize":"Belizas",
"Benin":"Beninas",
"Bermuda":"Bermuda",
"Bhutan":"Butanas",
"Bosnia and Herzegovina":"Bosnija ir Hercogovina",
"Botswana":"Botsvana",
"Brazil":"Brazilija",
"British Indian Ocean Territory":"Indijos Vandenyno Britų sritis",
"Burkina Faso":"Burkina Fasas",
"Cambodia":"Kambodža",
"Cape Verde":"Žaliasis Kyšulys",
"Cayman Islands":"Kaimanų salos",
"Colombia":"Kolumbija",
"Comoros":"Komorai",
"Congo-Kinshasa":"Kongo Demokratinė Respublika",
"Cook Islands":"Kuko salos",
"Cuba":"Kuba",
"Czech Republic":"Čekija",
"Djibouti":"Džibutis",
"Dominica":"Dominika",
"Ecuador":"Ekvadoras",
"Egypt":"Egiptas",
"Fiji":"Fidžis",
"France_French Guiana":"Prancūzijos Gviana",
"France_New Caledonia":"Naujoji Kaledonija",
"Gabon":"Gabonas",
"Ghana":"Gana",
"Gibraltar":"Gibraltaras",
"Greenland":"Grenlandija",
"Honduras":"Hondūras",
"Iceland":"Islandija",
"India_Goa":"Goa",
"Iraq":"Irakas",
"Isle of Man":"Meno sala",
"Israel":"Izraelis",
"Israel Region":"Izraelis",
"Jersey":"Džersis",
"Jordan":"Jordanija",
"Kazakhstan":"Kazachstanas",
"Kenya":"Kenija",
"Kingdom of Lesotho":"Lesotas",
"Kiribati":"Kiribati",
"Kuwait":"Kuveitas",
"Kyrgyzstan":"Kirgizija",
"Lebanon":"Libanas",
"Liberia":"Liberija",
"Libya":"Libija",
"Malawi":"Malavis",
"Maldives":"Maldyvai",
"Mauritius":"Mauricijus",
"Mexico":"Meksika",
"Monaco":"Monakas",
"Montenegro":"Juodkalnija",
"Montserrat":"Montserratas",
"Morocco":"Marokas",
"Morocco_Western Sahara":"Vakarų Sachara",
"Mozambique":"Mozambikas",
"Myanmar":"Mianmaras",
"Namibia":"Namibija",
"Nepal":"Nepalas",
"New Zealand":"Naujoji Zelandija",
"Nicaragua":"Nikaragva",
"Niue":"Niuue",
"Norway":"Norvegija",
"Norway_Bouvet Island":"Bouveto sala",
"Panama":"Panama",
"Pitcairn Islands":"Pitcairnas",
"Qatar":"Kataras",
"Rwanda":"Ruanda",
"Saint Kitts and Nevis":"Saint Kitts ir Nevis",
"Saint Lucia":"Saint Lucia",
"Samoa":"Samoa",
"Saudi Arabia":"Saudo Arabija",
"Solomon Islands":"Saliamono salos",
"South Africa":"Pietų Afrika",
"South Sudan":"Pietų Sudanas",
"Sri Lanka":"Šri Lanka",
"Switzerland":"Šveicarija",
"Taiwan":"Taivanas",
"Tajikistan":"Tadžikistanas",
"Thailand":"Tailandas",
"Trinidad and Tobago":"Trinidadas ir Tobagas",
"Tunisia":"Tunisas",
"Turkey":"Turkija",
"Turkmenistan":"Turkmėnija",
"US_Guam":"Guamas",
"US_Puerto Rico":"Puerto Rikas",
"Uganda":"Uganda",
"Ukraine":"Ukraina",
"United Arab Emirates":"Jungtiniai Arabų Emyratai",
"United States of America":"Jungtinės Amerikos Valstijos",
"Uruguay":"Urugvajus",
"Uzbekistan":"Uzbekistanas",
"Vanuatu":"Vanuatu",
"Wallis and Futuna":"Volisas ir Futūna",
"Yemen":"Jemenas",
"Zambia":"Zambija",
"Zimbabwe":"Zimbabvė",
"Congo-Kinshasa Short":"Kongo",
"Barbados":"Barbadosas",
"Belarus":"Baltarusija",
"Burundi":"Burundis",
"Cameroon":"Kamerūnas",
"Central African Republic":"Centrinės Afrikos Respublika",
"Chad":"Čadas",
"Chile":"Čilė",
"Costa Rica":"Kosta Rika",
"Dominican Republic":"Dominikos Respublika",
"El Salvador":"Salvadoras",
"Equatorial Guinea":"Pusiaujo Gvinėja",
"Eritrea":"Eritrėja",
"Faroe Islands":"Farerų salos",
"French Polynesia":"Prancūzijos Polinezija",
"Grenada":"Grenada",
"Guadeloupe":"Gvadelupė",
"Guatemala":"Gvatemala",
"Guernsey":"Gernsey",
"Guinea":"Gvinėja",
"Guinea-Bissau":"Gvinėjos-Bisau",
"Guyana":"Gajana",
"Haiti":"Haitis",
"Liechtenstein":"Lichtenšteinas",
"Madagascar":"Madagaskaras",
"Mali":"Mali",
"Marshall Islands":"Maršalo salos",
"Martinique":"Martinika",
"Mauritania":"Mauritanija",
"Niger":"Nigeris",
"Nigeria":"Nigerija",
"Oman":"Omanas",
"Palau":"Palau",
"Papua New Guinea":"Papua Naujoji Gvinėja",
"Paraguay":"Paragvajus",
"People's Republic of China":"Kinija",
"Peru":"Peru",
"Philippines":"Filipinai",
"Saint Barthelemy":"Sent Bartolomėjus",
"Saint Helena Ascension and Tristan da Cunha":"Saint Helena, Ascension ir Tristan da Cunha",
"Saint Vincent and the Grenadines":"Šventasis Vincentas ir Grenadinai",
"San Marino":"San Marino",
"Senegal":"Senegalas",
"Seychelles":"Seišelės",
"Sierra Leone":"Siera Leonė",
"Singapore":"Singapūras",
"South Georgia and the South Sandwich Islands":"Pietų Džordžija ir Pietų sumuštinių salos",
"Sudan":"Sudanas",
"Suriname":"Surinamas",
"The Gambia":"Gambija",
"Togo":"Togas",
"Tonga":"Tonga",
"Turks and Caicos Islands":"Terksas ir Kaikosas",
"Austria_Lower Austria_West Description":"Mostfyrtelis, Valdfyrtelis",
"Argentina_Patagonia":"Patagonija",
"Belarus_Hrodna Region":"Gardino sritis",
"Belarus_Maglieu Region":"Mogiliavo sritis",
"Belarus_Brest Region":"Bresto sritis",
"Belarus_Homiel Region":"Gomelio sritis",
"Belarus_Minsk Region":"Minsko sritis",
"Belarus_Vitebsk Region":"Vitebsko sritis",
"North Korea":"Šiaurės Korėja",
"Argentina_Buenos Aires_North":"Buenos Airių provincija – šiaurė",
"Argentina_Buenos Aires_South":"Buenos Airių provincija – pietūs",
"Argentina_Cuyo":"Kujas",
"Argentina_Mesopotamia":"Mesopotamija",
"Argentina_Northwest":"Šiaurės vakarų Argentina",
"Argentina_Pampas":"Pampos",
"Arizona":"Arizona",
"Australia_Melbourne":"Melburnas",
"Australia_New South Wales":"Naujasis Pietų Velsas",
"Australia_Northern Territory":"Šiaurės teritorija",
"Australia_Queensland":"Kvynslandas",
"Australia_South Australia":"Pietų Australija",
"Australia_Tasmania":"Tasmanija",
"Australia_Victoria":"Viktorija",
"Australia_Western Australia":"Vakarų Australija",
"Austria_Burgenland":"Burgenlandas",
"Austria_Carinthia":"Karintija",
"Austria_Lower Austria_West":"Žemutinė Austrija – vakarai",
"Austria_Lower Austria_Wien":"Viena",
"Austria_Salzburg":"Zalcburgas",
"Austria_Styria":"Štirija",
"Austria_Tyrol":"Tirolis",
"Austria_Upper Austria":"Aukštutinė Austrija",
"Austria_Vorarlberg":"Forarlbergas",
"Belgium_Antwerp":"Antverpeno provincija",
"Belgium_East Flanders":"Rytų Flandrijos provincija",
"Belgium_Flemish Brabant":"Flamandų Brabanto provincija",
"Belgium_Hainaut":"Heno provincija",
"Belgium_Liege":"Lježo provincija",
"Belgium_Limburg":"Limburgo provincija",
"Belgium_Luxembourg":"Liuksemburgo provincija",
"Belgium_Namur":"Namiūro provincija",
"Belgium_Walloon Brabant":"Valonų Brabanto provincija",
"Belgium_West Flanders":"Vakarų Flandrijos provincija",
"Bolivia_North":"Bolivija – šiaurė",
"Bolivia_South":"Bolivija – pietūs",
"Bosnia and Herzegovina_Brcko district of Bosnia and Herzegowina":"Brčko apygarda",
"Bosnia and Herzegovina_Entity Federation of Bosnia and Herzegovina":"Bosnijos ir Hercegovinos federacija",
"Bosnia and Herzegovina_Republic of Srpska":"Serbų respublika",
"Brazil_Bahia":"Bahija",
"Brazil_Goias":"Gojasas",
"Brazil_Mato Grosso":"Mato Grosas",
"Brazil_Mato Grosso Do Sul":"Pietų Mato Grosas",
"Brazil_North Region":"Šiaurės regionas",
"Brazil_Northeast Region":"Šiaurės rytų regionas",
"Brazil_Paraiba":"Paraiba",
"Brazil_Parana":"Parana",
"Brazil_Rio Grande do Norte":"Šiaurės Rio Grandė",
"Brazil_Santa Catarina":"Santa Katarina",
"Brazil_South Region":"Pietų regionas",
"Brazil_Southeast Region_Espirito Santo":"Espirito Santas",
"Brazil_Southeast Region_Minas Gerais_Contagem":"Minas Žeraisas – Kontaženas",
"Brazil_Southeast Region_Minas Gerais_North":"Minas Žeraisas – šiaurė",
"Brazil_Southeast Region_Rio de Janeiro":"Rio de Žaneiras",
"Brazil_Southeast Region_Sao Paulo_Campinas":"San Paulas – Kampinasas",
"Brazil_Southeast Region_Sao Paulo_City":"San Paulas – Santosas",
"Brazil_Southeast Region_Sao Paulo_West":"San Paulas – Ribeiran Pretas",
"British Virgin Islands":"Jungtinės Karalystės Mergelių salos",
"Brunei":"Brunėjus",
"California":"Kalifornija",
"Cameroon_Central":"Kamerūnas – centrinis",
"Cameroon_West":"Kamerūnas – šiaurinis",
"Campo de Hielo Sur":"Pietų Patagonijos ledlaukis",
"Canada_Alberta":"Alberta",
"Canada_Alberta_Edmonton":"Edmontonas",
"Canada_Alberta_North":"Alberta – šiaurinė",
"Canada_Alberta_South":"Alberta – pietinė",
"Canada_British Columbia":"Britų Kolumbija",
"Canada_British Columbia_Central":"Britų Kolumbija – centrinė",
"Canada_British Columbia_Far_North":"Britų Kolumbija – rytinė",
"Canada_British Columbia_Islands":"Vankuverio sala",
"Canada_British Columbia_North":"Britų Kolumbija – vakarinė",
"Canada_British Columbia_Northeast":"Britų Kolumbija – šiaurinė",
"Canada_British Columbia_Southeast":"Kelouna",
"Canada_British Columbia_Vancouver":"Vankuveris",
"Canada_Labrador":"Labradoras",
"Canada_Nova Scotia_Halifax":"Halifaksas",
"Canada_Labrador_North":"Labradoras – šiaurinis",
"Canada_Labrador_South":"Labradoras – pietinis",
"Canada_Labrador_West":"Labradoras – vakarinis",
"Canada_Manitoba":"Manitoba",
"Canada_Manitoba_Northeast":"Manitoba – šiaurinė",
"Canada_Manitoba_Northwest":"Manitoba – vakarinė",
"Canada_Manitoba_South":"Brandonas",
"Canada_Manitoba_Winnipeg":"Vinipegas",
"Canada_New Brunswick":"Naujasis Bransvikas",
"Canada_Newfoundland":"Niufaundlandas",
"Canada_Newfoundland_East":"Niufaundlandas – rytinis",
"Canada_Newfoundland_North":"Niufaundlandas – šiaurinis",
"Canada_Newfoundland_South":"Niufaundlandas – pietinis",
"Canada_Newfoundland_West":"Niufaundlandas – vakarinis",
"Canada_Northwest Territories":"Šiaurės Vakarų teritorijos",
"Canada_Northwest Territories_East":"Šiaurės Vakarų teritorijos – rytinės",
"Canada_Northwest Territories_North":"Šiaurės Vakarų teritorijos – šiaurinės",
"Canada_Northwest Territories_Yellowknife":"Jelounaifas",
"Canada_Nova Scotia":"Naujoji Škotija",
"Canada_Nova Scotia_Sydney":"Sidnėjus",
"Canada_Nunavut":"Nunavutas",
"Canada_Nunavut_North":"Nunavutas – šiaurinis",
"Canada_Nunavut_South":"Nunavutas – pietinis",
"Chile_North":"Čilė – šiaurinė",
"Chile_South":"Čilė – pietinė",
"Canada_Ontario":"Ontarijas",
"Canada_Ontario_Kingston":"Kingstonas",
"Canada_Ontario_London":"Londonas",
"Canada_Ontario_Northeastern_Central":"Timinsas",
"Canada_Ontario_Northeastern_S":"Sadberis",
"Canada_Ontario_Northeastern_SE":"Nort Bėjus",
"Canada_Ontario_Northeastern_SW":"Su Sent Mari",
"Canada_Ontario_Northeastern_Wawa":"Vava",
"Canada_Ontario_Northern":"Tander Bėjus",
"Canada_Ontario_Northwestern":"Ontarijas – šiaurinis",
"Canada_Ontario_Toronto":"Torontas",
"Canada_Prince Edward Island":"Princo Edvardo sala",
"Canada_Quebec":"Kvebekas",
"Canada_Quebec_Quebec":"Kvebekas (miestas)",
"Canada_Quebek_Far North":"Kvebekas – šiaurinis",
"Canada_Quebek_Montreal":"Monrealis",
"Canada_Quebek_North":"Set Ilis",
"Canada_Quebek_Southeast_Rimouski":"Rimuski",
"Canada_Quebek_Southeast_Saguenay":"Sagenė",
"Canada_Quebek_West_Chibougamau":"Šibugamo",
"Canada_Quebek_West_Rouyn-Noranda":"Ruinas – Noranda",
"Canada_Saskatchewan":"Saskačevanas",
"Canada_Saskatchewan_North":"Saskačevanas – šiaurinis",
"Canada_Saskatchewan_South":"Saskačevanas – pietinis",
"Canada_Yukon":"Jukonas",
"Canada_Yukon_North":"Jukonas – šiaurinis",
"Canada_Yukon_Whitehorse":"Vaithorsas",
"Caribees":"Mažieji Antilai",
"Caribisch Nederland":"Aruba, Kiurasao ir Karibų Nyderlandai",
"Central Anatolia Region":"Centrinės Anatolijos regionas",
"China_Anhui":"Anhujus",
"China_Chongqing":"Čongčingas",
"China_Fujian":"Fudzianas",
"China_Gansu":"Gansu",
"China_Guangdong":"Guangdongas",
"China_Guangxi":"Guangsi džuangų autonominis rajonas",
"China_Guizhou":"Guidžou",
"China_Hebei":"Hebėjus",
"China_Heilongjiang":"Heilongdziangas",
"China_Henan":"Henanas",
"China_Hubei":"Hubėjus",
"China_Hunan":"Hunanas",
"China_Inner Mongolia":"Vidinė Mongolija",
"China_Jiangsu":"Dziangsu",
"China_Jiangxi":"Dziangsi",
"China_Jilin":"Dzilinas",
"China_Liaoning":"Liaoningas",
"China_Ningxia Hui":"Ningsios chuėjų autonominis rajonas",
"China_Qinghai":"Činghajus",
"China_Shaanxi":"Šaansi",
"China_Shandong":"Šandongas",
"China_Shanghai":"Šanchajus",
"China_Shanxi":"Šansi",
"China_Sichuan":"Sičuanas",
"China_Tibet Autonomous Region":"Tibeto autonominis rajonas",
"China_Xinjiang":"Sindziango Uigūrų autonominis rajonas",
"China_Yunnan":"Junanas",
"China_Zhejiang":"Džedziangas",
"Colombia_East":"Kolumbija – rytinė",
"Colombia_North":"Kolumbija – šiaurinė",
"Colombia_West":"Kolumbija – vakarinė",
"Czech_Stredni Cechy_East":"Vidurio Čekijos kraštas – rytinis",
"Colorado":"Koloradas",
"Congo-Brazzaville":"Kongo Respublika",
"Cote dIvoire":"Dramblio Kaulo Krantas",
"Crimea":"Krymo pusiasalis",
"Czech_Jihovychod_Jihomoravsky kraj":"Pietų Moravija",
"Czech_Jihovychod_Kraj Vysocina":"Vysočina",
"Czech_Jihozapad_Jihocesky kraj":"Pietų Čekijos kraštas",
"Czech_Jihozapad_Plzensky kraj":"Pilzeno kraštas",
"Czech_Karlovasky kraj":"Karlovi Varų kraštas",
"Czech_Moravskoslezsko":"Moravija-Silezija",
"Czech_Olomoucky kraj":"Olomouco kraštas",
"Czech_Praha":"Praha",
"Czech_Severovychod_Kralovehradecky kraj":"Hradec Kralovės kraštas",
"Czech_Severovychod_Liberecky kraj":"Libereco kraštas",
"Czech_Severovychod_Pardubicky kraj":"Pardubicių kraštas",
"Czech_Stredni Cechy_West":"Vidurio Čekijos kraštas – vakarinis",
"Czech_Ustecky kraj":"Ūsčio kraštas",
"Czech_Zlinsky Kraj":"Zlyno kraštas",
"Denmark_Capital Region of Denmark":"Sostinės regionas",
"Denmark_Central Denmark Region":"Vidurio Jutlandijos regionas",
"Denmark_North Denmark Region":"Šiaurės Jutlandijos regionas",
"Denmark_Region Zealand":"Zelandijos regionas",
"Denmark_Region of Southern Denmark":"Pietų Danijos regionas",
"East Timor":"Rytų Timoras",
"Estonia_East":"Estija – rytinė",
"Estonia_West":"Estija – vakarinė",
"Falkland Islands":"Folklando salos",
"Federated States of Micronesia":"Mikronezijos Federacinės Valstijos",
"Finland_Eastern Finland":"Rytų Suomija",
"Finland_Northern Finland":"Šiaurės Suomija",
"Finland_Southern Finland_Helsinki":"Pietų Suomija – Helsinkis",
"Finland_Southern Finland_Lappeenranta":"Pietų Suomija – Lapenranta",
"Finland_Southern Finland_West":"Pietvakarių Suomija",
"Finland_Western Finland":"Vakarų Suomija",
"Florida":"Florida",
"France_Alsace":"Elzasas",
"France_Alsace_Bas-Rhin":"Žemutinis Reinas",
"France_Alsace_Haut-Rhin":"Aukštutinis Reinas",
"France_Aquitaine":"Akvitanija",
"France_Brittany_Morbihan":"Morbihanas",
"France_Aquitaine_Dordogne":"Dordonė",
"France_Aquitaine_Gironde":"Žironda",
"France_Aquitaine_Landes":"Landai",
"France_Aquitaine_Lot-et-Garonne":"Lo ir Garona",
"France_Aquitaine_Pyrenees-Atlantiques":"Atlanto Pirėnai",
"France_Auvergne":"Overnė",
"France_Auvergne_Allier":"Aljė",
"France_Auvergne_Cantal":"Kantalis",
"France_Auvergne_Haute-Loire":"Aukštutinė Luara",
"France_Auvergne_Puy-de-Dome":"Piui de Domas",
"France_Brittany":"Bretanė",
"France_Brittany_Cotes-dArmor":"Kot d'Armoras",
"France_Brittany_Finistere":"Finisteras",
"France_Brittany_Ille-et-Vilaine":"Ilis ir Vilenas",
"France_Burgundy":"Burgundija",
"France_Burgundy_Cote-dOr":"Kot d'Oras",
"France_Burgundy_Nievre":"Njevras",
"France_Burgundy_Saone-et-Loire":"Sona ir Luara",
"France_Burgundy_Yonne":"Jonas",
"France_Centre-Val de Loire":"Luaros žemuma",
"France_Centre-Val de Loire_Cher":"Šeras",
"France_Centre-Val de Loire_Eure-et-Loir":"Eras ir Luaras",
"France_Centre-Val de Loire_Indre":"Endras",
"France_Centre-Val de Loire_Indre-et-Loire":"Endras ir Luara",
"France_Centre-Val de Loire_Loir-et-Cher":"Luaras ir Šeras",
"France_Centre-Val de Loire_Loiret":"Luarė",
"France_Champagne-Ardenne":"Šampanė-Ardėnai",
"France_Free County":"Franš Kontė",
"France_Ile-de-France":"Il de Fransas",
"France_Ile-de-France_Essonne":"Esonas",
"France_Ile-de-France_Hauts-de-Seine":"Aukštutinė Sena",
"France_Ile-de-France_Paris":"Paryžius",
"France_Ile-de-France_Seine-Saint-Denis":"Sena-Sen Deni",
"France_Ile-de-France_Seine-et-Marne":"Sena ir Marna",
"France_Ile-de-France_Val-dOise":"Uazos slėnis",
"France_Ile-de-France_Val-de-Marne":"Marnos slėnis",
"France_Ile-de-France_Yvelines":"Ivlinas",
"France_Languedoc-Roussillon":"Langedokas-Rusijonas",
"France_Languedoc-Roussillon_Aude":"Odas",
"France_Languedoc-Roussillon_Gard":"Garas",
"France_Languedoc-Roussillon_Herault":"Hero",
"France_Languedoc-Roussillon_Lozere":"Lozeras",
"France_Languedoc-Roussillon_Pyrenees-Orientales":"Rytų Pirėnai",
"France_Limousin":"Limuzenas",
"France_Lorraine":"Lotaringija",
"France_Lorraine_Meurthe-et-Moselle":"Mertas ir Mozelis",
"France_Lorraine_Meuse":"Mezas",
"France_Lorraine_Moselle":"Mozelis",
"France_Lorraine_Vosges":"Vogezai",
"France_Lower Normandy":"Žemutinė Normandija",
"France_Lower Normandy_Calvados":"Kalvadosas",
"France_Lower Normandy_Manche":"Manšas",
"France_Lower Normandy_Orne":"Ornas",
"France_Midi-Pyrenees":"Pietūs-Pirėnai",
"France_Midi-Pyrenees_Ariege":"Arježas",
"France_Midi-Pyrenees_Aveyron":"Averonas",
"France_Midi-Pyrenees_Gers":"Žeras",
"France_Midi-Pyrenees_Haute-Garonne":"Aukštutinė Garona",
"France_Midi-Pyrenees_Hautes-Pyrenees":"Aukštutiniai Pirėnai",
"France_Upper Normandy":"Aukštutinė Normandija",
"France_Midi-Pyrenees_Tarn":"Tarnas",
"France_Midi-Pyrenees_Tarn-et-Garonne":"Tarnas ir Garona",
"France_Nord-Pas-de-Calais":"Šiaurė-Pa de Kalė",
"France_Nord-Pas-de-Calais_Lille":"Lilis",
"France_Nord-Pas-de-Calais_Nord":"Šiaurė",
"France_Nord-Pas-de-Calais_Pas-de-Calais":"Pa de Kalė",
"France_Pays de la Loire":"Luaros kraštas",
"France_Pays de la Loire_Loire-Atlantique":"Atlanto Luara",
"France_Pays de la Loire_Maine-et-Loire":"Menas ir Luara",
"France_Pays de la Loire_Mayenne":"Majenas",
"France_Pays de la Loire_Sarthe":"Sartas",
"France_Pays de la Loire_Vendee":"Vandėja",
"France_Picardy":"Pikardija",
"France_Picardy_Aisne":"Ena",
"France_Picardy_Oise":"Uaza",
"France_Picardy_Somme":"Soma",
"France_Poitou-Charentes":"Puatu-Šarantos",
"France_Poitou-Charentes_Charente":"Šaranta",
"France_Poitou-Charentes_Charente-Maritime":"Pajūrio Šaranta",
"France_Poitou-Charentes_Deux-Sevres":"De Sevras",
"France_Poitou-Charentes_Vienne":"Vjenas",
"France_Provence-Alpes-Cote dAzur":"Provansas-Alpės-Žydrasis Krantas",
"France_Provence-Alpes-Cote dAzur_Alpes-de-Haute-Provence":"Aukštutinio Provanso Alpės",
"France_Provence-Alpes-Cote dAzur_Bouches-du-Rhone":"Ronos delta",
"France_Provence-Alpes-Cote dAzur_Hautes-Alpes":"Aukštutinės Alpės",
"France_Provence-Alpes-Cote dAzur_Maritime Alps":"Pajūrio Alpės",
"France_Provence-Alpes-Cote dAzur_Var":"Varas",
"France_Provence-Alpes-Cote dAzur_Vaucluse":"Vokliūzas",
"France_Rhone-Alpes":"Rona-Alpės",
"France_Rhone-Alpes_Ain":"Enas",
"France_Rhone-Alpes_Ardeche":"Ardešas",
"France_Rhone-Alpes_Drome":"Dromas",
"France_Rhone-Alpes_Haute-Savoie":"Aukštutinė Savoja",
"France_Rhone-Alpes_Isere":"Izeras",
"France_Rhone-Alpes_Loire":"Luara",
"France_Rhone-Alpes_Rhone":"Rona",
"France_Rhone-Alpes_Savoie":"Savoja",
"France_Southern Islands":"Prancūzijos Pietų ir Antarkties sritys",
"Canada_Ontario_Northeastern_North":"Mūs Fektoris",
"Germany_Baden-Wurttemberg":"Badenas-Viurtembergas",
"Germany_Baden-Wurttemberg_Regierungsbezirk Freiburg":"Breisgau Freiburgas",
"Germany_Baden-Wurttemberg_Regierungsbezirk Karlsruhe":"Karlsrūhė",
"Germany_Baden-Wurttemberg_Regierungsbezirk Stuttgart_Heilbronn":"Štutgartas – Heilbronas",
"Germany_Baden-Wurttemberg_Regierungsbezirk Stuttgart_Stuttgart":"Štutgartas – Štutgartas",
"Germany_Baden-Wurttemberg_Regierungsbezirk Tubingen":"Tiubingenas",
"Germany_Berlin":"Berlynas",
"Germany_Brandenburg_North":"Brandenburgas – Šiaurė",
"Germany_Brandenburg_South":"Brandenburgas – Pietūs",
"Germany_Free State of Bavaria_Lower Bavaria":"Žemutinė Bavarija",
"Germany_Free State of Bavaria_Lower Franconia":"Žemutinė Frankonija",
"Germany_Free State of Bavaria_Middle Franconia":"Vidurinė Frankonija",
"Germany_Free State of Bavaria_Swabia":"Švabija",
"Germany_Free State of Bavaria_Upper Bavaria_East":"Aukštutinė Bavarija – Rytai",
"Germany_Free State of Bavaria_Upper Bavaria_Ingolstadt":"Aukštutinė Bavarija – Ingolštatas",
"Germany_Free State of Bavaria_Upper Bavaria_Munchen":"Aukštutinė Bavarija – Miunchenas",
"Germany_Free State of Bavaria_Upper Franconia":"Aukštutinė Frankonija",
"Germany_Free State of Bavaria_Upper Palatinate":"Aukštutinis Pfalcas",
"Germany_Hamburg_main":"Hamburgas",
"Germany_Hesse":"Hesenas",
"Germany_Hesse_Regierungsbezirk Darmstadt":"Darmštatas",
"Germany_Hesse_Regierungsbezirk Giessen":"Gysenas",
"Germany_Hesse_Regierungsbezirk Kassel":"Kaselis",
"Germany_Lower Saxony":"Žemutinė Saksonija",
"Germany_Lower Saxony_Bremen_Bremen":"Brėmenas",
"Germany_Lower Saxony_Bremen_Munster":"Liuneburgas",
"Germany_Lower Saxony_Hannover":"Hanoveris",
"Germany_Lower Saxony_Oldenburg":"Oldenburgas",
"Germany_Mecklenburg-Vorpommern":"Meklenburgas-Pomeranija",
"Germany_North Rhine-Westphalia":"Šiaurės Reinas-Vestfalija",
"Germany_North Rhine-Westphalia_Regierungsbezirk Arnsberg_Arnsberg":"Arnsbergas – Arnsbergas",
"Germany_North Rhine-Westphalia_Regierungsbezirk Arnsberg_Dortmund":"Arnsbergas – Dortmundas",
"Germany_North Rhine-Westphalia_Regierungsbezirk Detmold":"Detmoldas",
"Germany_North Rhine-Westphalia_Regierungsbezirk Dusseldorf_Dusseldorf":"Diuseldorfas – Diuseldorfas",
"Germany_North Rhine-Westphalia_Regierungsbezirk Dusseldorf_Mulheim":"Diuseldorfas – Miulheimas prie Ruro",
"Germany_North Rhine-Westphalia_Regierungsbezirk Dusseldorf_Wesel":"Diuseldorfas – Vezelis",
"Germany_North Rhine-Westphalia_Regierungsbezirk Koln_Aachen":"Kelnas – Achenas",
"Germany_North Rhine-Westphalia_Regierungsbezirk Koln_Koln":"Kelnas – Kelnas",
"Germany_North Rhine-Westphalia_Regierungsbezirk Munster_Munster":"Miunsteris – Miunsteris",
"Germany_North Rhine-Westphalia_Regierungsbezirk Munster_Recklinghausen":"Miunsteris – Reklinghauzenas",
"Germany_Rhineland-Palatinate_Koblenz":"Reino kraštas-Pfalcas – Koblencas",
"Germany_Rhineland-Palatinate_South":"Reino kraštas-Pfalcas – Maincas",
"Germany_Saarland":"Saras",
"Germany_Saxony-Anhalt":"Saksonija-Anhaltas",
"Germany_Saxony_Dresden":"Saksonija – Dresdenas",
"Germany_Saxony_Leipzig":"Saksonija – Leipcigas",
"Germany_Schleswig-Holstein":"Šlėzvigas-Holšteinas",
"Germany_Thuringia":"Tiuringija",
"Greece_Decentralized Administration of Aegean":"Egėjas",
"Greece_Decentralized Administration of Attica":"Atika",
"Greece_Decentralized Administration of Crete":"Kreta",
"Greece_Decentralized Administration of Epirus - Western Macedonia":"Epyras ir Vakarų Makedonija",
"Greece_Decentralized Administration of Macedonia and Thrace":"Makedonija ir Trakija",
"Greece_Decentralized Administration of Thessaly - Central Greece":"Tesalija ir Vidurio Graikija",
"Greece_Decentralized Administration of West Greece":"Peloponesas",
"Hungary_Kozep-Magyarorszag":"Vidurio Vengrija",
"Hungary_Northern Great Plain":"Vengrija – Rytų",
"Hungary_Transdanubia":"Vengrija – Vakarų",
"Illinois":"Ilinojus",
"India_Andaman and Nicobar Islands":"Andamanų ir Nikobarų Salos",
"India_Andhra Pradesh":"Andra Pradešas",
"India_Arunachal Pradesh":"Arunačal Pradešas",
"India_Assam":"Asamas",
"India_Bihar":"Biharas",
"India_Chandigarh":"Čandygaras",
"India_Chhattisgarh":"Čatysgaras",
"India_Delhi":"Delis",
"India_Haryana":"Harijana",
"India_Himachal Pradesh":"Himačal Pradešas",
"India_Jammu and Kashmir":"Džamu ir Kašmyras",
"India_Jharkhand":"Džarkandas",
"India_Karnataka":"Karnataka",
"India_Kerala":"Kerala",
"India_Lakshadweep":"Lakšadvypas",
"India_Madhya Pradesh":"Madja Pradešas",
"India_Maharashtra":"Maharaštra",
"India_Meghalaya":"Megalaja",
"India_Mizoram":"Mizoramas",
"India_Nagaland":"Nagalandas",
"India_Odisha":"Odiša",
"India_Sikkim":"Sikimas",
"India_Tamil Nadu":"Tamil Nadu",
"India_Telangana":"Telangana",
"India_Tripura":"Tripura",
"India_Uttar Pradesh":"Utar Pradešas",
"India_Uttarakhand":"Utarkandas",
"India_West Bengal":"Vakarų Bengalija",
"Indonesia_Central":"Sulavesis, Kalimantanas",
"Indonesia_East":"Indonezija – Rytų",
"Indonesia_Jawa Barat":"Vakarų Java",
"Indonesia_Jawa Tengah":"Centrinė Java",
"Indonesia_Jawa Timur":"Rytų Java",
"Indonesia_Nusa Tenggara":"Mažosios Sundos salos",
"Indonesia_West":"Sumatra",
"Iowa":"Ajova",
"Iran":"Iranas",
"Iran_North":"Iranas – Šiaurės",
"Iran_South":"Iranas – Pietų",
"Ireland_Connacht":"Konachtas",
"Ireland_Leinster":"Lensteris",
"Ireland_Munster":"Mansteris",
"Ireland_Northern Counties":"Alsteris",
"Italy_Abruzzo":"Abrucai",
"Italy_Aosta Valley":"Aostos slėnis",
"Italy_Apulia":"Apulija",
"Italy_Basilicata":"Bazilikata",
"Italy_Calabria":"Kalabrija",
"Italy_Campania":"Kampanija",
"Italy_Emilia":"Emilija-Romanija",
"Italy_Emilia-Romagna_Bologna":"Bolonijos provincija",
"Italy_Emilia-Romagna_Ferrara":"Feraros provincija",
"Italy_Emilia-Romagna_Forli-Cesena":"Forli-Čezenos provincija",
"Italy_Emilia-Romagna_Modena":"Modenos provincija",
"Italy_Emilia-Romagna_Parma":"Parmos provincija",
"Italy_Emilia-Romagna_Piacenza":"Pjačentos provincija",
"Italy_Emilia-Romagna_Ravenna":"Ravenos provincija",
"Italy_Emilia-Romagna_Reggio Emilia":"Emilijos Redžo provincija",
"Italy_Emilia-Romagna_Rimini":"Riminio provincija",
"Italy_Friuli":"Friulis-Venecija Džulija",
"Italy_Friuli-Venezia Giulia_Gorizia":"Goricijos provincija",
"Italy_Friuli-Venezia Giulia_Pordenone":"Pordenonės provincija",
"Italy_Friuli-Venezia Giulia_Trieste":"Triesto provincija",
"Italy_Friuli-Venezia Giulia_Udine":"Udinės provincija",
"Italy_Lazio":"Lacijus",
"Italy_Lombardy_Bergamo":"Bergamo provincija",
"Italy_Lombardy_Brescia":"Brešos provincija",
"Italy_Lombardy_Como":"Komo provincija",
"Italy_Lombardy_Cremona":"Kremonos provincija",
"Italy_Lombardy_Lecco":"Leko provincija",
"Italy_Lombardy_Lodi":"Lodžio provincija",
"Italy_Lombardy_Mantua":"Mantujos provincija",
"Italy_Lombardy_Milan":"Milano provincija",
"Italy_Lombardy_Monza and Brianza":"Mondzos ir Briandzos provincija",
"Italy_Lombardy_Pavia":"Pavijos provincija",
"Italy_Lombardy_Sondrio":"Sondrijaus provincija",
"Italy_Lombardy_Varese":"Varezės provincija",
"Italy_Marche":"Markė",
"Italy_Molise":"Molizė",
"Italy_Piemont":"Pjemontas",
"Italy_Piemont_Alessandria":"Alesandrijos provincija",
"Italy_Piemont_Asti":"Asčio provincija",
"Italy_Piemont_Biella":"Bjelos provincija",
"Italy_Piemont_Cuneo":"Kuneo provincija",
"Italy_Piemont_Novara":"Novaros provincija",
"Italy_Piemont_Torino":"Turino provincija",
"Italy_Piemont_Verbano-Cusio-Ossola":"Verbano-Kuzijo-Osolos provincija",
"Italy_Piemont_Vercelli":"Verčelio provincija",
"Italy_Sicily":"Sicilija",
"Italy_Trentino-Alto Adige Sudtirol":"Trentinas-Alto Adidžė",
"Italy_Tuscany_Grosseto":"Toskana – Pietryčių",
"Italy_Tuscany_Massa e Carrara":"Toskana – Šiaurės vakarų",
"Italy_Umbria":"Umbrija",
"Italy_Veneto":"Venetas",
"Italy_Veneto_Belluno":"Beluno provincija",
"Italy_Veneto_Padova":"Paduvos provincija",
"Italy_Veneto_Rovigo":"Rovigo provincija",
"Italy_Veneto_Treviso":"Trevizo provincija",
"Italy_Veneto_Venezia":"Venecijos provincija",
"Italy_Veneto_Verona":"Veronos provincija",
"Italy_Veneto_Vicenza":"Vičencos provincija",
"Netherlands_Drenthe":"Drentė",
"Netherlands_Flevoland":"Flevolandas",
"Netherlands_Friesland":"Fryzija",
"Netherlands_Groningen":"Groningenas",
"Netherlands_Limburg":"Limburgas",
"Moldova":"Moldova",
"Netherlands_Zeeland":"Zelandija",
"Mexico_California":"Žemutinė Kalifornija",
"Kansas":"Kanzasas",
"Kentucky":"Kentukis",
"Louisiana":"Luiziana",
"Minnesota":"Minesota",
"Missouri":"Misūris",
"New York":"Niujorkas",
"Mexico_Central_East":"Nuevo Leonas",
"Morocco_Doukkala-Abda":"Dukala–Abda",
"Jerusalem":"Jeruzalė",
"Maryland":"Merilandas",
"Japan_Chubu Region":"Čiūbu regionas",
"Japan_Chugoku Region":"Čiūgoku regionas",
"Japan_Hokkaido Region":"Hokaidas",
"Japan_Kinki Region":"Kansajo regionas",
"Japan_Kanto":"Kanto regionas",
"Japan_Shikoku Region":"Šikoku",
"Laos":"Laosas",
"Japan_Chubu Region_Aichi":"Aičio prefektūra",
"Japan_Chubu Region_Fukui":"Fukujo prefektūra",
"Japan_Chubu Region_Gifu":"Gifu prefektūra",
"Japan_Chubu Region_Ishikawa":"Išikavos prefektūra",
"Japan_Chubu Region_Nagano":"Nagano prefektūra",
"Japan_Chubu Region_Niigata":"Niigatos prefektūra",
"Japan_Chubu Region_Shizuoka":"Šidzuokos prefektūra",
"Japan_Chubu Region_Toyama":"Tojamos prefektūra",
"Japan_Chubu Region_Yamanashi":"Jamanašio prefektūra",
"Japan_Chugoku Region_Hiroshima":"Hirošimos prefektūra",
"Japan_Chugoku Region_Okayama":"Okajamos prefektūra",
"Japan_Chugoku Region_Shimane":"Šimanės prefektūra",
"Japan_Chugoku Region_Tottori":"Totorio prefektūra",
"Japan_Chugoku Region_Yamaguchi":"Jamagučio prefektūra",
"Japan_Hokkaido Region_East":"Hokaidas – rytinis",
"Japan_Hokkaido Region_North":"Hokaidas – šiaurinis",
"Japan_Hokkaido Region_West":"Hokaidas – vakarinis",
"Japan_Kanto_Chiba":"Čibos prefektūra",
"Japan_Kanto_Gunma":"Gunmos prefektūra",
"Japan_Kanto_Ibaraki":"Ibarakio prefektūra",
"Japan_Kanto_Kanagawa":"Kanagavos prefektūra",
"Japan_Kanto_Saitama":"Saitamos prefektūra",
"Japan_Kanto_Tochigi":"Točigio prefektūra",
"Japan_Kanto_Tokyo":"Tokijo prefektūra",
"Japan_Kinki Region_Mie":"Mijės prefektūra",
"Japan_Kinki Region_Nara":"Naros prefektūra",
"Japan_Kinki Region_Osaka":"Osakos prefektūra",
"Japan_Kinki Region_Wakayama":"Vakajamos prefektūra",
"Japan_Kyushu Region":"Kiūšiū",
"Japan_Kyushu Region_Fukuoka":"Fukuokos prefektūra",
"Japan_Kyushu Region_Kagoshima":"Kagošimos prefektūra",
"Japan_Kyushu Region_Kumamoto":"Kumamoto prefektūra",
"Japan_Kyushu Region_Miyazaki":"Mijadzakio prefektūra",
"Japan_Kyushu Region_Nagasaki":"Nagasakio prefektūra",
"Japan_Kyushu Region_Oita":"Oitos prefektūra",
"Japan_Kyushu Region_Okinawa":"Okinavos prefektūra",
"Japan_Kyushu Region_Saga":"Sagos prefektūra",
"Japan_Shikoku Region_Ehime":"Ehimės prefektūra",
"Japan_Shikoku Region_Kagawa":"Kagavos prefektūra",
"Japan_Shikoku Region_Kochi":"Kočio prefektūra",
"Japan_Shikoku Region_Kyoto":"Kioto prefektūra",
"Japan_Shikoku Region_Tokushima":"Tokušimos prefektūra",
"Japan_Tohoku":"Tohoku regionas",
"Japan_Tohoku_Akita":"Akitos prefektūra",
"Japan_Tohoku_Aomori":"Aomorio prefektūra",
"Japan_Tohoku_Fukushima":"Fukušimos prefektūra",
"Japan_Tohoku_Iwate":"Ivatės prefektūra",
"Japan_Tohoku_Miyagi":"Mijagio prefektūra",
"Japan_Tohoku_Yamagata":"Jamagatos prefektūra",
"Macedonia":"Šiaurės Makedonija",
"Massachusetts":"Masačusetsas",
"Mexico_Central_West":"Najaritas",
"Mexico_East":"Meksika – rytinė",
"Mexico_Mexico":"Meksikas",
"Mexico_North":"Meksika – šiaurinė",
"Mexico_South":"Meksika – pietinė",
"Michigan":"Mičiganas",
"Morocco_Rabat-Sale-Zemmour-Zaer":"Rabatas–Salė–Zemūras–Zaeras",
"Morocco_Southern":"Marokas – pietinis",
"Nagorno-Karabakh":"Kalnų Karabachas",
"Nepal_East":"Nepalas – rytinis",
"Nepal_West":"Nepalas – vakarinis",
"Netherlands_Gelderland_Nijmegen":"Gelderlandas – Neimegenas",
"Netherlands_Gelderland_North":"Gelderlandas – Apeldornas",
"Netherlands_Gelderland_Zutphen":"Gelderlandas – Ziutfenas",
"Netherlands_North Brabant_Eindhoven":"Šiaurės Brabantas – Eindhovenas",
"Netherlands_North Brabant_Roosendaal":"Šiaurės Brabantas – Rozendalis",
"Netherlands_North Brabant_Tiburg":"Šiaurės Brabantas – Tilburgas",
"Netherlands_North Brabant_Uden":"Šiaurės Brabantas – Udenas",
"Netherlands_North Holland_Alkmaar":"Šiaurės Olandija – Alkmaras",
"Netherlands_North Holland_Amsterdam":"Šiaurės Olandija – Amsterdamas",
"Netherlands_North Holland_Zaandam":"Šiaurės Olandija – Zanstadas",
"Netherlands_Overijssel_Enschede":"Overeiselis – Enschedė",
"Netherlands_Overijssel_Zwolle":"Overeiselis – Zvolė",
"Netherlands_South Holland_Brielle":"Pietų Olandija – Brilė",
"Netherlands_South Holland_Den Haag":"Pietų Olandija – Haga",
"Netherlands_South Holland_Leiden":"Pietų Olandija – Leidenas",
"Netherlands_South Holland_Rotterdam":"Pietų Olandija – Roterdamas",
"Netherlands_Utrecht_Amersfoort":"Utrechtas – Amersfortas",
"Netherlands_Utrecht_Utrecht":"Utrechtas – Utrechtas",
"New Jersey":"Naujasis Džersis",
"New Zealand North_Auckland":"Šiaurė – Oklandas",
"New Zealand North_Wellington":"Šiaurė – Velingtonas",
"New Zealand South_Canterbury":"Pietūs – Kenterberio regionas",
"New Zealand South_Southland":"Pietūs – Sautlando regionas",
"North Carolina":"Šiaurės Karolina",
"North Dakota":"Šiaurės Dakota",
"Norway_Hedmark":"Hedmarkas",
"Norway_Jan Mayen":"Janas Majenas",
"Norway_Central":"Oslas",
"Norway_Oppland":"Oplanas",
"Norway_Svalbard":"Svalbardas",
"Norway_Northern":"Šiaurinė Norvegija",
"Norway_Southern":"Pietinė Norvegija",
"Ohio":"Ohajas",
"Oklahoma":"Oklahoma",
"Oregon":"Oregonas",
"Philippines_Mindanao":"Mindanao",
"Norway_Trondelag":"Triondelagas",
"Norway_Western":"Vakarinė Norvegija",
"Palestine":"Palestina",
"Palestine Region":"Palestina",
"Pennsylvania":"Pensilvanija",
"Peru_North":"Peru – šiaurinė",
"Peru_South":"Peru – pietinė",
"Philippines_Luzon_Manila":"Manila ir apylinkės",
"Philippines_Luzon_North":"Lusonas – šiaurinis",
"Philippines_Luzon_South":"Lusonas – pietinis",
"Philippines_Visayas":"Visajai",
"Poland_Greater Poland Voivodeship":"Didžiosios Lenkijos vaivadija",
"Poland_Kuyavian-Pomeranian Voivodeship":"Kujavijos Pamario vaivadija",
"Poland_Lesser Poland Voivodeship":"Mažosios Lenkijos vaivadija",
"Poland_Lodz Voivodeship":"Lodzės vaivadija",
"Poland_Lower Silesian Voivodeship":"Žemutinės Silezijos vaivadija",
"Poland_Lublin Voivodeship":"Liublino vaivadija",
"Poland_Lubusz Voivodeship":"Liubušo vaivadija",
"Poland_Masovian Voivodeship":"Mazovijos vaivadija",
"Poland_Opole Voivodeship":"Opolės vaivadija",
"Poland_Podlaskie Voivodeship":"Palenkės vaivadija",
"Poland_Pomeranian Voivodeship":"Pamario vaivadija",
"Poland_Silesian Voivodeship":"Silezijos vaivadija",
"Poland_Subcarpathian Voivodeship":"Pakarpatės vaivadija",
"Republic of Kosovo":"Kosovas",
"Poland_Swietokrzyskie Voivodeship":"Švento Kryžiaus vaivadija",
"Poland_Warmian-Masurian Voivodeship":"Varmijos Mozūrų vaivadija",
"Poland_West Pomeranian Voivodeship":"Vakarų Pamario vaivadija",
"Portugal_North":"Portugalija – šiaurinė",
"Portugal_South":"Portugalija – pietinė",
"Romania_Centre":"Centrinė",
"Romania_North_East":"Šiaurės rytų",
"Romania_North_West":"Šiaurės vakarų",
"Romania_South":"Pietų",
"Romania_South_East":"Pietryčių",
"Romania_South_West":"Pietvakarių",
"Romania_West":"Vakarų",
"Russia_Moscow":"Maskva",
"Russia_Altai Krai":"Altajaus kraštas",
"Russia_Altai Republic":"Altajaus Respublika",
"Russia_Amur Oblast":"Amūro sritis",
"Russia_Arkhangelsk Oblast_Central":"Archangelsko sritis – centrinė",
"Russia_Arkhangelsk Oblast_North":"Archangelsko sritis – šiaurinė",
"Russia_Astrakhan Oblast":"Astrachanės sritis",
"Russia_Bashkortostan":"Baškortostanas",
"Russia_Belgorod Oblast":"Belgorodo sritis",
"Russia_Bryansk Oblast":"Briansko sritis",
"Russia_Buryatia":"Buriatija",
"Russia_Chechen Republic":"Čečėnija",
"Russia_Chelyabinsk Oblast":"Čeliabinsko sritis",
"Russia_Chukotka Autonomous Okrug":"Čiukčių autonominė apygarda",
"Russia_Chuvashia":"Čiuvašija",
"Russia_Ingushetia":"Ingušija",
"Russia_Irkutsk Oblast":"Irkutsko sritis",
"Russia_Ivanovo Oblast":"Ivanovo sritis",
"Russia_Jewish Autonomous Oblast":"Žydų autonominė sritis",
"Russia_Kabardino-Balkaria":"Kabarda-Balkarija",
"Russia_Kaliningrad Oblast":"Kaliningrado sritis",
"Russia_Kaluga Oblast":"Kalugos sritis",
"Russia_Kamchatka Krai":"Kamčiatkos kraštas",
"Russia_Karachay-Cherkessia":"Karačiajų Čerkesija",
"Russia_Kemerov Oblast":"Kemerovo sritis",
"Russia_Khabarovsk Krai":"Chabarovsko kraštas",
"Russia_Khakassia":"Chakasija",
"Russia_Kirov Oblast":"Kirovo sritis",
"Russia_Komi Republic":"Komija",
"Russia_Kostroma Oblast":"Kostromos sritis",
"Russia_Krasnodar Krai":"Krasnodaro kraštas – šiaurinis",
"Russia_Krasnodar Krai_Adygeya":"Krasnodaro kraštas, Adygėja",
"Russia_Krasnoyarsk Krai":"Krasnojarsko kraštas",
"Russia_Kurgan Oblast":"Kurgano sritis",
"Russia_Kursk Oblast":"Kursko sritis",
"Russia_Leningradskaya Oblast_Karelsky":"Leningrado sritis – šiaurinė",
"Russia_Leningradskaya Oblast_Southeast":"Leningrado sritis – pietinė",
"Russia_Lipetsk Oblast":"Lipecko sritis",
"Russia_Magadan Oblast":"Magadano sritis",
"Russia_Mari El":"Marija",
"Russia_Moscow Oblast":"Maskvos sritis",
"Russia_Murmansk Oblast":"Murmansko sritis",
"Russia_Nenets Autonomous Okrug":"Nencų autonominė apygarda",
"Russia_Nizhny Novgorod Oblast":"Žemutinio Naugardo sritis",
"Spain_Cantabria":"Kantabrija",
"Spain_Andalusia":"Andalūzija",
"South Africa_Gauteng":"Gautengas",
"South Africa_KwaZulu-Natal":"Kvazulu Natalis",
"South Africa_Free State":"Laisvoji Valstybė",
"South Africa_Limpopo":"Limpopas",
"South Africa_Mpumalanga":"Mpumalanga",
"South Africa_Eastern Cape":"Rytų Kyšulys",
"South Africa_Northern Cape":"Šiaurės Kyšulys",
"South Africa_North West":"Šiaurės Vakarai",
"South Africa_Western Cape":"Vakarų Kyšulys",
"Russia_North Ossetia-Alania":"Šiaurės Osetija",
"Russia_Novgorod Oblast":"Naugardo sritis",
"Russia_Novosibirsk Oblast":"Novosibirsko sritis",
"Russia_Omsk Oblast":"Omsko sritis",
"Russia_Orenburg Oblast":"Orenburgo sritis",
"Russia_Oryol Oblast":"Oriolo sritis",
"Russia_Penza Oblast":"Penzos sritis",
"Russia_Perm Krai":"Permės sritis",
"Russia_Primorsky Krai":"Primorsko sritis",
"Russia_Pskov Oblast":"Pskovo sritis",
"Russia_Republic of Dagestan":"Dagestanas",
"Russia_Republic of Kalmykia":"Kalmukija",
"Russia_Republic of Karelia":"Karelija",
"Russia_Republic of Mordovia":"Mordvija",
"Russia_Rostov Oblast":"Rostovo sritis",
"Russia_Ryazan Oblast":"Riazanės sritis",
"Russia_Saint Petersburg":"Sankt Peterburgas",
"Russia_Sakha Republic":"Sacha",
"Russia_Sakhalin Oblast":"Sachalino sritis",
"Russia_Samara Oblast":"Samaros sritis",
"Russia_Saratov Oblast":"Saratovo sritis",
"Russia_Smolensk Oblast":"Smolensko sritis",
"Russia_Stavropol Krai":"Stavropolio kraštas",
"Russia_Sverdlovsk Oblast":"Sverdlovsko sritis",
"Russia_Tambov Oblast":"Tambovo sritis",
"Russia_Tatarstan":"Tatarstanas",
"Russia_Tomsk Oblast":"Tomsko sritis",
"Russia_Tula Oblast":"Tulos sritis",
"Russia_Tuva":"Tuva",
"Russia_Tver Oblast":"Tverės sritis",
"Russia_Tyumen Oblast":"Tiumenės sritis",
"Russia_Udmurt Republic":"Udmurtija",
"Russia_Ulyanovsk Oblast":"Uljanovsko sritis",
"Russia_Vladimir Oblast":"Vladimiro sritis",
"Russia_Volgograd Oblast":"Volgogrado sritis",
"Russia_Vologda Oblast":"Vologdos sritis",
"Russia_Voronezh Oblast":"Voronežo sritis",
"Russia_Yamalo-Nenets Autonomous Okrug":"Jamalo nencų autonominė apygarda",
"Russia_Yaroslavl Oblast":"Jaroslavlio sritis",
"Russia_Yugra":"Chantų-mansių autonominė apygarda",
"Russia_Zabaykalsky Krai":"Užbaikalės kraštas",
"Sahrawi Arab Democratic Republic":"Sacharos Arabų Demokratinė Respublika",
"Saint Martin":"Sen Martenas",
"Sao Tome and Principe":"San Tomė ir Prinsipė",
"Slovakia_Region of Banska Bystrica":"Banskos Bistricos kraštas",
"Slovakia_Region of Bratislava":"Bratislavos kraštas",
"Slovakia_Region of Kosice":"Košicės kraštas",
"Slovakia_Region of Nitra":"Nitros kraštas",
"Slovakia_Region of Presov":"Prešovo kraštas",
"Slovakia_Region of Trencin":"Trenčyno kraštas",
"Slovakia_Region of Trnava":"Trnavos kraštas",
"Slovakia_Region of Zilina":"Žilinos kraštas",
"South Carolina":"Pietų Karolina",
"South Korea":"Pietų Korėja",
"South Korea_North":"Pietų Korėja – šiaurinė",
"South Korea_South":"Pietų Korėja – pietinė",
"South Ossetia":"Pietų Osetija",
"Spain_Aragon":"Aragonas",
"Spain_Balearic Islands":"Balearų salos",
"Spain_Basque Country":"Baskija",
"Spain_Canary Islands":"Kanarų salos",
"Spain_Castile and Leon":"Kastilija ir Leonas",
"Spain_Castile-La Mancha":"Kastilija-La Manča",
"Spain_Catalonia_Provincia de Barcelona":"Katalonija – Barselonos provincija",
"Spain_Catalonia_Provincia de Girona":"Katalonija – Cheronos provincija",
"Spain_Catalonia_Provincia de Lleida":"Katalonija – Leridos provincija",
"Spain_Catalonia_Provincia de Tarragona":"Katalonija – Taragonos provincija",
"Spain_Ceuta":"Seuta",
"Spain_Principado de Asturias":"Asturija",
"Spain_La Rioja":"La Riocha",
"Spain_Comunidad Foral de Navarra":"Navara",
"Spain_Community of Madrid":"Madrido regionas",
"Spain_Melilla":"Melilja",
"Spain_Region de Murcia":"Mursijos regionas",
"Spain_Valencian Community":"Valensijos regionas",
"Swaziland":"Svazilandas",
"Sweden_Bergslagen":"Bergslagenas",
"Sweden_Malardalen":"Sostinės regionas",
"Sweden_Mellannorrland":"Melanorlandas",
"Sweden_Norra Sverige":"Šiaurės Švedija",
"Sweden_Ostra Gotaland":"Ostra Jotalandas",
"Sweden_Sodra Gotaland":"Sodra Jotalandas",
"Sweden_Vastra Gotaland":"Vestra Jotalandas",
"Switzerland_Ticino":"Tičinas",
"Texas":"Teksasas",
"Tennessee":"Tenesis",
"Tanzania":"Tanzanija",
"Syria":"Sirija",
"Switzerland_Zurich":"Ciurichas",
"Switzerland_Central":"Vidurio Šveicarija",
"Switzerland_Eastern":"Rytų Šveicarija",
"Switzerland_Lake Geneva region":"Ženevos ežero regionas",
"Switzerland_Northwestern":"Šiaurės vakarų Šveicarija",
"Thailand_North":"Tailandas – šiaurė",
"Thailand_South":"Tailandas – pietūs",
"The Bahamas":"Bahamos",
"Turkey_Aegean Region":"Egėjo regionas",
"Turkey_Black Sea Region":"Juodosios jūros regionas",
"Turkey_Eastern Anatolia Region":"Rytų Anatolijos regionas",
"Turkey_Marmara Region":"Marmuro jūros regionas",
"Turkey_Mediterranean Region":"Viduržemio jūros regionas",
"Turkey_Southeastern Anatolia Region":"Pietryčių Anatolijos regionas",
"UK_England_East Midlands":"Rytų Midlandsas",
"UK_England_East of England_Essex":"Rytų Anglija – Eseksas",
"UK_England_East of England_Norfolk":"Rytų Anglija – Norfolkas",
"UK_England_Greater London":"Didysis Londonas",
"UK_England_North East England":"Šiaurės rytų Anglija",
"UK_England_North West England":"Šiaurės vakarų Anglija",
"UK_England_South East_Brighton":"Pietryčių Anglija – Braitonas",
"UK_England_South East_Oxford":"Pietryčių Anglija – Oksfordas",
"UK_England_South West England_Bristol":"Pietvakarių Anglija – Bristolis",
"UK_England_South West England_Cornwall":"Pietvakarių Anglija – Kornvalis",
"UK_England_West Midlands":"Vakarų Midlandsas",
"UK_England_Yorkshire and the Humber":"Jorkšyras ir Hamberis",
"UK_Northern Ireland":"Šiaurės Airija",
"UK_Scotland_North":"Šiaurės Škotija",
"UK_Scotland_South":"Pietų Škotija",
"UK_Wales":"Velsas",
"US_Alabama_Birmingham":"Birmingamas",
"US_Alabama_Montgomery":"Montgomeris",
"US_Arizona_Flagstaff":"Flagstafas",
"US_Arizona_Phoenix":"Finiksas",
"US_Arizona_Tucson":"Tusonas",
"US_Arkansas":"Arkanzasas",
"US_California_Bakersfield_Bakersfield":"Beikersfildas",
"US_California_Bakersfield_Lancaster":"Lankasteris",
"US_California_Chico":"Čikas",
"US_California_LA":"Los Andželas",
"US_California_LA North":"Los Andželas – šiaurė",
"US_California_Redding":"Redingas",
"US_California_Sacramento_Fresno":"Fresnas",
"US_California_Sacramento_Sacramento":"Sakramentas",
"US_California_Sacramento_Stockton":"Stoktonas",
"US_California_San Diego":"San Diegas",
"US_California_Santa_Clara_Palo Alto":"San Franciskas",
"US_California_Santa_Clara_Santa Cruz":"Santa Kruzas",
"US_Colorado_Aspen":"Aspenas",
"US_Colorado_Denver":"Denveris",
"US_Colorado_South":"Koloradas – pietūs",
"US_Connecticut":"Konektikutas",
"US_Florida_Jacksonville":"Džeksonvilis",
"US_Florida_Miami":"Majamis",
"US_Florida_Orlando":"Orlandas",
"US_Florida_Tampa":"Tampa",
"US_Georgia_Atlanta":"Atlanta",
"US_Georgia_Macon":"Meikonas",
"US_Georgia_North":"Džordžija – šiaurė",
"US_Georgia_South":"Džordžija – pietūs",
"US_Hawaii":"Havajai",
"US_Idaho":"Aidahas",
"US_Illinois_Chickago":"Čikaga",
"US_Illinois_Elgin":"Eldžinas",
"US_Illinois_Rockford":"Rokfordas",
"US_Illinois_South":"Ilinojus – pietūs",
"US_Illinois_Springfield":"Springfildas",
"US_Indiana_North":"Indiana – šiaurė",
"US_Indiana_South":"Indiana – pietūs",
"US_Iowa_Des Moines":"Di Moinas",
"US_Iowa_Waterloo":"Voterlu",
"US_Iowa_West":"Ajova – vakarai",
"US_Kansas_East":"Kanzasas – rytai",
"US_Kansas_West":"Kanzasas – vakarai",
"US_Kentucky_East":"Kentukis – rytai",
"US_Kentucky_West":"Kentukis – vakarai",
"US_Louisiana_Central":"Luiziana – vakarai",
"US_Louisiana_New Orleans":"Naujasis Orleanas",
"US_Maine":"Meinas",
"US_Maryland_Baltimore":"Baltimorė",
"US_Maryland_and_DC":"Vakarai, Vašingtonas, Kolumbijos apygarda",
"US_Massachusetts_Boston":"Bostonas",
"US_Massachusetts_Central":"Vusteris",
"US_Massachusetts_Plymouth":"Plimutas",
"US_Massachusetts_Southeastern":"Barnstablis",
"US_Massachusetts_West":"Springfildas",
"US_Michigan_Detroit":"Detroitas",
"US_Michigan_North":"Mičiganas – šiaurė",
"US_Michigan_South":"Mičiganas – pietūs",
"US_Minnesota_Minneapolis":"Mineapolis",
"US_Minnesota_North":"Minesota – šiaurė",
"US_Minnesota_Rochester":"Ročesteris",
"US_Minnesota_Saint Cloud":"Sent Klaudas",
"US_Mississippi":"Misisipė",
"US_Missouri_East":"Misūris – rytai",
"US_Missouri_West":"Misūris – vakarai",
"US_Montana":"Montana",
"US_Nebraska":"Nebraska",
"US_Nevada":"Nevada",
"US_New Hampshire":"Naujasis Hampšyras",
"US_New Jersey_North":"Naujasis Džersis – šiaurė",
"US_New Jersey_South":"Naujasis Džersis – pietūs",
"US_New Mexico":"Naujoji Meksika",
"US_New York_East":"Niujorkas – Long Ailandas",
"US_New York_New York":"Niujorkas – Niujorko miestas",
"US_New York_North":"Niujorkas – šiaurė",
"US_New York_West":"Niujorkas – vakarai",
"US_North Carolina_Asheville":"Ašvilis",
"US_North Carolina_Charlotte":"Šarlotė",
"US_North Carolina_Greensboro":"Grinsboras",
"US_North Carolina_Raleigh":"Rolis",
"US_North Carolina_Wilmington":"Vilmingtonas",
"US_North Carolina_Wilson":"Vilsonas",
"US_North Dakota_Bismarck":"Bismarkas",
"US_North Dakota_East":"Fargas",
"US_North Dakota_Minot":"Mainotas",
"US_Ohio_Cleveland":"Klivlandas",
"US_Ohio_Dayton":"Deitonas",
"US_Oklahoma_East":"Oklahoma – rytai",
"US_Oklahoma_West":"Oklahoma – vakarai",
"US_Oregon_Eugene":"Judžinas",
"US_Oregon_Portland":"Portlandas",
"US_Oregon_West":"Oregonas – rytai",
"US_Pennsylvania_Central":"Altūna",
"US_Pennsylvania_Pittsburgh":"Pitsbergas",
"US_Pennsylvania_Scranton":"Skrantonas",
"US_Rhode Island":"Rod Ailandas",
"US_South Carolina_Columbia":"Kolumbija",
"US_South Carolina_Florence":"Florensas",
"US_South Dakota":"Pietų Dakota",
"US_Tennessee_East":"Tenesis – rytai",
"US_Tennessee_West":"Tenesis – vakarai",
"US_Texas_Austin":"Ostinas",
"US_Texas_Dallas":"Dalasas",
"US_Texas_Houston":"Hjustonas",
"US_Texas_Northwest":"Amarilas",
"US_Texas_San Antonio":"San Antonijus",
"US_Texas_Southwest":"Laredas",
"US_Texas_Tyler":"Taileris",
"US_Texas_Wako":"Veikas",
"US_United States Minor Outlying Islands":"Jungtinių Valstijų Mažosios Tolimosios Salos",
"US_Utah":"Juta",
"US_Vermont":"Vermontas",
"US_Virginia_Chesapeake":"Česapikas",
"US_Virginia_Lynchburg":"Linčbergas",
"US_Virginia_Richmond":"Ričmondas",
"US_Virginia_Roanoke":"Roanokas",
"US_Washington_Coast":"Takoma",
"US_Washington_Seattle":"Sietlas",
"US_Washington_Yakima":"Jakima",
"US_West Virginia":"Vakarų Virdžinija",
"US_Wisconsin_Milwaukee":"Milvokis",
"US_Wisconsin_North":"Šiaurės Viskonsinas",
"US_Wyoming":"Vajomingas",
"Ukraine_Cherkasy Oblast":"Čerkasų sritis",
"Ukraine_Chernihiv Oblast":"Černihivo sritis",
"Ukraine_Chernivtsi Oblast":"Černivcių sritis",
"Ukraine_Dnipropetrovsk Oblast":"Dnipropetrovsko sritis",
"Ukraine_Donetsk Oblast":"Donecko sritis",
"Ukraine_Ivano-Frankivsk Oblast":"Ivano Frankivsko sritis",
"Ukraine_Kharkiv Oblast":"Charkivo sritis",
"Ukraine_Kherson Oblast":"Chersono sritis",
"Ukraine_Khmelnytskyi Oblast":"Chmelnyckio sritis",
"Ukraine_Kirovohrad Oblast":"Kirovohrado sritis",
"Ukraine_Kyiv Oblast":"Kyjivo sritis",
"Ukraine_Luhansk Oblast":"Luhansko sritis",
"Ukraine_Lviv Oblast":"Lvivo sritis",
"Ukraine_Mykolaiv Oblast":"Mykolajivo sritis",
"Ukraine_Odessa Oblast":"Odesos sritis",
"Ukraine_Poltava Oblast":"Poltavos sritis",
"Ukraine_Rivne Oblast":"Rivnės sritis",
"Ukraine_Sumy Oblast":"Sumų sritis",
"Ukraine_Ternopil Oblast":"Ternopilio sritis",
"Ukraine_Vinnytsia Oblast":"Vinycios sritis",
"Ukraine_Volyn Oblast":"Volynės sritis",
"Ukraine_Zakarpattia Oblast":"Užkarpatės sritis",
"Ukraine_Zaporizhia Oblast":"Zaporižios sritis",
"Ukraine_Zhytomyr Oblast":"Žytomyro sritis",
"United States Virgin Islands":"JAV Mergelių Salos",
"US_Alaska":"Aliaska",
"US_Texas_West":"Odesa",
"Venezuela":"Venesuela",
"Vietnam":"Vietnamas",
"Virginia":"Virdžinija",
"Washington":"Vašingtonas",
"Willis Island":"Viliso sala",
"Wisconsin":"Viskonsinas",
"Argentina_Santa Fe":"Santa Fė provincija",
"Australia_Brisbane":"Brisbanas",
"Austria_Styria_Graz":"Štirija – Gracas",
"Austria_Styria_Leoben":"Štirija – Leobenas",
"Austria_Upper Austria_Linz":"Aukštutinė Austrija – Lincas",
"Austria_Upper Austria_Wels":"Aukštutinė Austrija – Velsas",
"Brazil_Goias_Brasilia":"Gojasas – Brazilija",
"Brazil_Goias_North":"Gojasas – šiaurė",
"Brazil_North Region_East":"Šiaurės regionas – rytai",
"Brazil_North Region_West":"Šiaurės regionas – vakarai",
"Brazil_Northeast Region_East":"Šiaurės rytų regionas – rytai",
"Brazil_Northeast Region_West":"Šiaurės rytų regionas – vakarai",
"Brazil_Parana_East":"Parana – rytai",
"Brazil_Parana_West":"Parana – vakarai",
"Brazil_South Region_East":"Pietų regionas – rytai",
"Brazil_South Region_West":"Pietų regionas – vakarai",
"Bulgaria_East":"Bulgarija – rytai",
"Bulgaria_West":"Bulgarija – vakarai",
"Chile_Central":"Čilė – centrinė",
"Congo-Kinshasa_Kivu":"Kivu",
"Congo-Kinshasa_West":"Kongas – vakarai",
"Croatia_Central":"Kroatija – centrinė",
"Croatia_West":"Kroatija – vakarai",
"Ecuador_East":"Ekvadoras – rytai",
"Ecuador_West":"Ekvadoas – vakarai",
"Finland_Eastern Finland_North":"Rytų Suomija – šiaurė",
"Finland_Eastern Finland_South":"Rytų Suomija – pietūs",
"Finland_Western Finland_Jyvaskyla":"Vakarų Suomija – Juveskiulė",
"Finland_Western Finland_Tampere":"Vakarų Suomija – Tamperė",
"France_Free County_North":"Franš Kontė – šiaurė",
"France_Free County_South":"Franš Kontė – pietūs",
"France_Pays de la Loire_Loire-Atlantique_Nantes":"Atlanto Luara – Nantas",
"France_Pays de la Loire_Loire-Atlantique_Saint-Nazaire":"Atlanto Luara – Sen Nazeras",
"Germany_Free State of Bavaria_Upper Bavaria_South":"Aukštutinė Bavarija – pietūs",
"India_Karnataka_North":"Karnataka – šiaurė",
"India_Karnataka_South":"Karnataka – pietūs",
"Iran_East":"Iranas – rytai",
"Iraq_North":"Šiaurės Irakas",
"Iraq_South":"Vidurio ir Pietų Irakas",
"Japan_Chubu Region_Aichi_Nagoya":"Aičis – Nagoja",
"Japan_Chubu Region_Aichi_Toyohashi":"Aičis – Tojohašis",
"Japan_Hokkaido Region_Sapporo":"Saporas",
"Japan_Kinki Region_Osaka_Osaka":"Osaka",
"Japan_Kinki Region_Osaka_West":"Osaka – vakarai",
"Kazakhstan_North":"Kazachstanas – šiaurė",
"Kazakhstan_South":"Kazachstanas – pietūs",
"Lithuania_East":"Rytų Lietuva",
"Lithuania_West":"Vakarų Lietuva",
"Mexico_Chihuahua":"Čihuahua",
"Mexico_Sonora":"Sonora",
"Nepal_Kathmandu":"Katmandu",
"Nepal_Madhyamanchal":"Centrinis regionas",
"Nepal_Purwanchal":"Rytų regionas",
"Nigeria_North":"Nigerija – šiaurė",
"Nigeria_South":"Nigerija – pietūs",
"Norway_Hordaland":"Hordalandas",
"Norway_Nordland":"Nordlandas",
"Norway_North Trondelag":"Šiaurės Triondelagas",
"Norway_Rogaland":"Rugalandas",
"Norway_South Trondelag":"Pietų Triondelagas",
"Peru_Lima":"Lima",
"Portugal_Islands":"Portugalijos salos",
"Portugal_Viseu":"Vizėjus",
"Russia_Krasnoyarsk Krai_North":"Krasnojarsko kraštas – šiaurė",
"Russia_Krasnoyarsk Krai_South":"Krasnojarsko kraštas – pietūs",
"Russia_Moscow Oblast_East":"Maskvos sritis – rytai",
"Russia_Moscow Oblast_West":"Maskvos sritis – vakarai",
"Russia_Perm Krai_North":"Permės sritis – šiaurė",
"Russia_Perm Krai_South":"Permės sritis – pietūs",
"Russia_Republic of Karelia_North":"Karelija – šiaurė",
"Russia_Republic of Karelia_South":"Karelija – pietūs",
"Russia_Sverdlovsk Oblast_North":"Sverdlovsko sritis – šiaurė",
"Russia_Sverdlovsk Oblast_Ekaterinburg":"Sverdlovsko sritis – Jekaterinburgas",
"Russia_Yugra_Khanty":"Jugra – Chanty Mansijskas",
"Russia_Yugra_Surgut":"Jugra – Surgutas",
"Saudi Arabia_North":"Saudo Arabija – šiaurė",
"Saudi Arabia_South":"Saudo Arabija – pietūs",
"Slovenia_East":"Slovėnija – rytai",
"Slovenia_West":"Slovėnija – vakarai",
"Spain_Andalusia_Granada":"Andalūzija – Granada",
"Spain_Andalusia_Sevilla":"Andalūzija – Sevilija",
"Spain_Castile and Leon_East":"Kastilija ir Leonas – rytai",
"Spain_Castile and Leon_West":"Kastilija ir Leonas – vakarai",
"Spain_Galicia_North":"Galisija – šiaurė",
"Spain_Galicia_South":"Galisija – pietūs",
"Sudan_East":"Sudanas – rytai",
"Sudan_West":"Sudanas – vakarai",
"Sweden_Stockholm":"Stokholmas",
"Switzerland_Espace Mittelland":"Vidurio erdvė",
"Switzerland_Espace Mittelland_Bern":"Vidurio erdvė – Bernas",
"Switzerland_Espace Mittelland_East":"Vidurio erdvė – rytai",
"Taiwan_North":"Taivanas – šiaurė",
"Taiwan_South":"Taivanas – pietūs",
"Thailand_Central":"Tailandas – centras",
"Turkey_Central Anatolia Region_Ankara":"Centrinė Anatolija – Ankara",
"Turkey_Central Anatolia Region_Kayseri":"Centrinė Anatolija – Kaiseris",
"Australia_Sydney":"Sidnėjus",
"Turkey_Marmara Region_Bursa":"Marmuro jūros regionas – Bursa",
"Turkey_Marmara Region_Istanbul":"Marmuro jūros regionas – Stambulas",
"US_Arkansas_North":"Arkanzasas – šiaurė",
"US_Arkansas_South":"Arkanzasas – pietūs",
"US_Florida_Gainesvile":"Geinsvilis",
"US_Idaho_North":"Aidahas – šiaurė",
"US_Idaho_South":"Aidahas – pietūs",
"US_Indiana_Evansville":"Evansvilis",
"US_Indiana_Indianapolis":"Indianapolis",
"US_Kansas_Wichita":"Vičita",
"US_Kentucky_Louisville":"Luisvilis",
"US_Michigan_Grand Rapids":"Grand Rapidsas",
"US_Michigan_Lansing":"Lansingas",
"US_Mississippi_Gulfport":"Galfportas",
"US_Mississippi_North":"Misisipė – šiaurė",
"US_Missouri_Kansas":"Kanzas Sitis",
"US_Missouri_Springfield":"Springfildas",
"US_Missouri_St Louis":"Sent Luisas",
"US_Montana_East":"Montana – rytai",
"US_Montana_West":"Montana – vakarai",
"US_Nebraska_East":"Nebraska – rytai",
"US_Nebraska_West":"Nebraska – vakarai",
"US_New Mexico_Albuquerque":"Albukerkė",
"US_New Mexico_Roswell":"Rosvelis",
"US_Ohio_Cincinnati":"Sinsinatis",
"US_Ohio_Columbus":"Kolambusas",
"US_Ohio_Toledo":"Tolidas",
"US_Oklahoma_Oklahoma":"Oklahoma Sitis",
"US_Oklahoma_Tulsa":"Talsa",
"US_South Carolina_Charleston":"Čarlstonas",
"US_Texas_Amarillo":"Amarilas",
"US_Texas_Lubbock":"Labokas",
"US_Utah_North":"Juta – šiaurė",
"US_Utah_South":"Juta – pietūs",
"US_Virginia_Alexandria":"Aleksandrija",
"US_Wisconsin_Eau Claire":"O Kleras",
"US_Wisconsin_Madison":"Madisonas",
"Venezuela_North":"Venesuela – šiaurė",
"Venezuela_South":"Venesuela – pietūs",
"Argentina_Buenos Aires_Buenos Aires":"Buenos Airės",
"Canada_Quebek_Lachute":"Lašiutas",
"Canada_Saskatchewan_Regina":"Redžaina",
"Canada_Saskatchewan_Saskatoon":"Saskatūnas",
"Germany_Lower Saxony_Braunschweig":"Braunšveigas",
"Germany_Saxony-Anhalt_Halle":"Saksonija-Anhaltas – Halė",
"Germany_Saxony-Anhalt_Magdeburg":"Saksonija-Anhaltas – Magdeburgas",
"Germany_Schleswig-Holstein_Flensburg":"Šlėzvigas-Holšteinas – Flensburgas",
"Germany_Schleswig-Holstein_Kiel":"Flensburg – Kylis",
"Portugal_Porto":"Portas",
"UK_England_North West England_Lancaster":"Šiaurės vakarų Anglija – Lankasteris",
"UK_England_North West England_Manchester":"Šiaurės vakarų Anglija – Mančesteris",
"US_Florida_Gainesville":"Geinsvilis",
"US_Texas_Victoria":"Viktorija",
"US_Virginia_Norfolk":"Norfolkas",
"Abkhazia Description":"Picunda, Gudauta, Suchumis",
"Afghanistan Description":"Kabulas, Kandaharas, Tokzaras",
"Albania Description":"Tirana, Kavajė, Škoderis",
"Algeria_Central Description":"Batna, Dželfa, Biskra",
"Algeria_Coast Description":"Alžyras, Oranas, Konstantina",
"Andorra Description":"Andora, La Masana, Ordinas",
"Angola Description":"Luanda, Lobitas, Namibė",
"Antarctica Description":"Makmerdo storis, Čilės Vilja Las Estreljaso tyrimų stotis, Roki Kouvas",
"Antigua and Barbuda Description":"Sent Džonsas, Ingliš Harboras, Fritaunas",
"Argentina_Buenos Aires_Buenos Aires Description":"Buenos Airės, Chosė Klemente Pasas, Gonsales Katanas",
"Argentina_Buenos Aires_North Description":"Doloresas, Pinamaras, Vilja Cheselis",
"Argentina_Buenos Aires_South Description":"Bahia Blanka, Miramaras. Tandilis",
"Argentina_Cuyo Description":"San Chuanas, San Rafaelis, San Luisas",
"Argentina_Mesopotamia Description":"Federasjonas, Parana, Alvearas",
"Argentina_Northwest Description":"San Migel de Tukamanas, San Fernando del Valje de Katamarka, San Salvador de Chuchujus",
"Argentina_Pampas Description":"Kordoba, Santa Rosa, Rio Kvartas",
"Argentina_Patagonia Description":"Kutral Ko, Vjedma, Komodoro Rivadavija",
"Argentina_Santa Fe Description":"Rosarijus, Sante Fė, Parechasas",
"Armenia Description":"Jerevanas, Aštarakas, Giumri",
"Australia_Brisbane Description":"Brisbanas, Refklifas, Gold Koustas",
"Australia_Melbourne Description":"Melburnas, Džilongas, Jeringas",
"Australia_New South Wales Description":"Baramas, Tankaris, Tokemvolas",
"Australia_Northern Territory Description":"Darvinas, Tenant Krikas, Mutitjulu",
"Australia_Queensland Description":"Čarlsvilis, Vintonas, Taunsvilis",
"Australia_South Australia Description":"Adelaidė, Port Lincolnas, Mari Bridžas",
"Australia_Sydney Description":"Sidnėjus, Kanbera, Niukaslas",
"Australia_Tasmania Description":"Hobartas, Stronas, Hjuonvilis",
"Australia_Victoria Description":"Vangarata, Bendigas, Balaratas",
"Australia_Western Australia Description":"Pertas, Džundelapas, Kalgurlis",
"Austria_Burgenland Description":"Obenpilendorfas, Eizenštatas, Matersburgas",
"Austria_Carinthia Description":"Klagenfurtas, Filachas, Volfsbergas",
"Austria_Lower Austria_Wien Description":"Viena, Industryfyrtelis, Veinfyrtelis",
"Austria_Salzburg Description":"Zalcburgas, Oberndorfas prie Zalcburgo, Abtenau",
"Austria_Styria_Graz Description":"Gracas, Feldbachas, Foitsbergas",
"Austria_Styria_Leoben Description":"Eizenercas, Mariacelis, Knitenfeldas",
"Austria_Tyrol Description":"Insbrukas, Kufšteinas, Švacas",
"Austria_Upper Austria_Linz Description":"Lincas, Štyras, Ansfeldenas",
"Austria_Upper Austria_Wels Description":"Atnangas-Puchheimas, Velsas, Švanenštatas",
"Austria_Vorarlberg Description":"Dornbirnas, Feldkirchas, Brėgencas",
"Azerbaijan Description":"Baku, Sumgaitas, Gendžė",
"Bahrain Description":"Menama, ar Rifa, al Mucharakas",
"Bangladesh Description":"Siletas, Daka, Komila",
"Barbados Description":"Bridžtaunas. Oistinsas, Spitstaunas",
"Belarus_Brest Region Description":"Brestas, Pinskas, Baranovičiai",
"Belarus_Homiel Region Description":"Gomelis, Mozyrius, Žlobinas",
"Belarus_Hrodna Region Description":"Gardinas, Lyda, Valkaviskas",
"Belarus_Maglieu Region Description":"Magiliavas, Babruiskas, Čerykavas",
"Belarus_Minsk Region Description":"Minskas, Barysavas, Salihorskas",
"Belarus_Vitebsk Region Description":"Vitebskas, Orša, Navapolackas",
"Belgium_Antwerp Description":"Antverpenas, Zveindrechtas, Berchemas",
"Belgium_East Flanders Description":"Gentas, Deinzė, Sint Martens Latemas",
"Belgium_Flemish Brabant Description":"Briuselis, Scharbekas, Anderlechtas",
"Belgium_Hainaut Description":"Monsas, Šarlerua, La Luvjeras",
"Belgium_Liege Description":"Lježas, Serenas, Vervjė",
"Belgium_Limburg Description":"Hauthalenas-Helchterenas, Masmechelenas, Haseltas",
"Belgium_Luxembourg Description":"Arlonas, Fameno Marka, Bastonė",
"Belgium_Namur Description":"Namiūras, Metė, Sen Markas",
"Belgium_Walloon Brabant Description":"Bren l’Alė, Vavras, Otinji-Luven la Nevas",
"Belgium_West Flanders Description":"Briugė, Kokseidė, Nivportas",
"Belize Description":"Benke Vjechas del Karmen, Belizas, Belmopanas",
"Benin Description":"Natitingu, Abomėjus, Džugu",
"Bermuda Description":"Šv. Jurgio įl., Hamiltonas, Somersetas",
"Bhutan Description":"Timpu, Ha, Mongaras",
"Bolivia_North Description":"La Pasas, Santa Krus de la Siera, Altas",
"Bolivia_South Description":"Sukrė, Kočabamba, Tupisa",
"Bosnia and Herzegovina_Brcko district of Bosnia and Herzegowina Description":"Brčkas, Dubravė, Rašlianai",
"Bosnia and Herzegovina_Entity Federation of Bosnia and Herzegovina Description":"Sarajevas, Mostaras",
"Bosnia and Herzegovina_Republic of Srpska Description":"Bania Luka, Bijelina, Derventa",
"Botswana Description":"Gaboronas, Čabongas, Močudis",
"Brazil_Bahia Description":"Salvadoras, Feira de Santana, Vitorija da Konkista",
"Brazil_Goias_Brasilia Description":"Brazilija, Gojanija, Aparesida de Gojanija",
"Brazil_Goias_North Description":"Gojanezija, Žaragva, Porangatu",
"Brazil_Mato Grosso Description":"Kujaba, Varzea Grandė, Rondonopolis",
"Brazil_Mato Grosso Do Sul Description":"Kampo Grandė, Doradosas, Tres Laguasas",
"Brazil_North Region_East Description":"Belenas, Ananindeua, Makapa",
"Brazil_North Region_West Description":"Manausas, Porto Veljas, Rio Brankas",
"Brazil_Northeast Region_East Description":"Resifė, Masejo, Gvararapeso Žabuataunas",
"Brazil_Northeast Region_West Description":"Fortaleza, San Luisas, Terezina",
"Brazil_Paraiba Description":"Žoaun Pesua, Kampina Grandė, Santa Rita",
"Brazil_Parana_East Description":"Kuritiba, Ponta Grosa, San Žoze dos Pinjaisas",
"Brazil_Parana_West Description":"Londrina, Maringa, Kaskavelis",
"Brazil_Rio Grande do Norte Description":"Natalis, Mosoro, Parnamirinas",
"Brazil_Santa Catarina Description":"Žuanvilis, Florianopolis, Blumenau",
"Brazil_South Region_East Description":"Porto Alegrė, Kašias do Sulis, Kanoasas",
"Brazil_South Region_West Description":"Santa Marija, Paso Fundas, Urugvajana",
"Brazil_Southeast Region_Espirito Santo Description":"Sera, Vila Velja, Kariasika",
"Brazil_Southeast Region_Minas Gerais_Contagem Description":"Belo Orizontė, Kontaženas, Žuis de Fora",
"Brazil_Southeast Region_Minas Gerais_North Description":"Uberlandija, Montes Klarosas, Uberaba",
"Brazil_Southeast Region_Rio de Janeiro Description":"Rio de Žaneiras, San Gonsalas, Duke de Kašiasas",
"Brazil_Southeast Region_Sao Paulo_Campinas Description":"Kampinasas, Sorokaba, Žundiai",
"Brazil_Southeast Region_Sao Paulo_City Description":"San Paulas, Gvaruljosas, San Bernardo do Kampas",
"Brazil_Southeast Region_Sao Paulo_West Description":"Ribeiraun Pretas, San Žoze do Rio Pretas, Franka",
"British Indian Ocean Territory Description":"Sibriz Vilidžas, Kemp Džestisas",
"British Virgin Islands Description":"Spaniš Taunas, Roud Taunas, Ist Endas",
"Brunei Description":"Bandar Seri Begavanas, Muara, Serija",
"Bulgaria_East Description":"Varna, Burgasas, Dobričius",
"Bulgaria_West Description":"Sofija, Plovdivas, Plevenas",
"Burkina Faso Description":"Vagadugu, Bobo Diulasas",
"Burundi Description":"Bužumbūra, Bubanza, Čibitokė",
"Cambodia Description":"Pnom Penis, Kampong Spi, Takeo",
"Cameroon_Central Description":"Jaundė, Kuseris, Kribis",
"Cameroon_West Description":"Duala, Buėja, Bamenda",
"Canada_Alberta_Edmonton Description":"Edmontonas, Lakomas, Vetaskivinas",
"Canada_Alberta_North Description":"Grand Preris, Pis Riveris, Fort Makmaris",
"Canada_Alberta_South Description":"Kalgaris, Čestermeris, Letbridžas",
"Canada_British Columbia_Central Description":"Viljams Leikas, Kenelis, Prins Džordžas",
"Canada_British Columbia_Far_North Description":"Ist Painas, Tambler Ridžas, Hadsons Hopas",
"Canada_British Columbia_Islands Description":"Saničas, Nanaimas, Viktorija",
"Canada_British Columbia_North Description":"Prins Rupertas, Terasas, Kitimatas",
"Canada_British Columbia_Northeast Description":"Maskva, Fort Nelsonas, Fontasas",
"Canada_British Columbia_Southeast Description":"Meritas, Revelstokas, Vernonas",
"Canada_British Columbia_Vancouver Description":"Vankuveris, Saris, Pauel Riveris",
"Canada_Labrador_North Description":"Nainas, Postvilis, Hopdeilis",
"Canada_Labrador_South Description":"L'Ans o Kleras, Forto",
"Canada_Labrador_West Description":"Čerčil Folsas, Hapi Valis-Gus Bėjus",
"Canada_Manitoba_Northeast Description":"Karibu, Manigotaganas, Ingliš Brukas",
"Canada_Manitoba_Northwest Description":"Jong Pointas, Kormorantas, Pikerel Narousas",
"Canada_Manitoba_South Description":"Foxvorenas, Seklusis ežeras, Brandonas",
"Canada_Manitoba_Winnipeg Description":"Vinipegas, Portidž la Preris, Kilarnis",
"Canada_New Brunswick Description":"Edmundstonas, Frederiktonas, Kambeltonas",
"Canada_Newfoundland_East Description":"Maunt Perlas, Sent Džonsas, Badžeris",
"Canada_Newfoundland_North Description":"Sent Antonis, Kipensas, Galantsas",
"Canada_Newfoundland_South Description":"Laimės įlanka, Lamalainas, Sil Kovas",
"Canada_Newfoundland_West Description":"Kodroi Valis, Port o Baskas, Margaris",
"Canada_Northwest Territories_East Description":"Latselkas, Ročer Riveris, Fork Leikas",
"Canada_Northwest Territories_North Description":"Norman Velsas, Inuvikas, Fort Simpsonas",
"Canada_Northwest Territories_Yellowknife Description":"Jelounaifas, Hei Riveris, Fort Smitas",
"Canada_Nova Scotia_Halifax Description":"Halifaksas, Bedfordas, Jarmutas",
"Canada_Nova Scotia_Sydney Description":"Sidnis, Invernesas, Vestvilis",
"Canada_Nunavut_North Description":"Alerto bazė, Grais Fjordas, Jurika",
"Canada_Nunavut_South Description":"Repals Bėjus, Arktik Bėjus",
"Canada_Ontario_Bame Description":"Baris, Vosaga Bičas, Dip Riveris",
"Canada_Ontario_Kingston Description":"Otava, Belvilis, Piterboras",
"Canada_Ontario_London Description":"Londonas, Velandas, Vudstokas",
"Canada_Ontario_Northeastern_Central Description":"Timinsas, Irokvoi Folsas",
"Canada_Ontario_Northeastern_North Description":"Mus Fektoris, Musonis, Kašečevanas",
"Canada_Ontario_Northeastern_S Description":"Sadberis, Onapingas, Daulingas",
"Canada_Ontario_Northeastern_SE Description":"Englhartas, Temagamis, Matava",
"Canada_Ontario_Northeastern_SW Description":"Su Sent Mari, Brus Mainsas",
"Canada_Ontario_Northeastern_W Description":"Vava, Diubreivilis, Vait Riveris",
"Canada_Ontario_Northern Description":"Tander Bėjus, Džeraltonas, Longlakas",
"Canada_Ontario_Northwestern Description":"Pikangikumas, Pivanukas, Sandi Leikas",
"Canada_Ontario_Toronto Description":"Torontas, Gvelfas, Misisoga",
"Canada_Prince Edward Island Description":"Samersaidas, Šarlottaunas, Bordenas",
"Canada_Quebec_Quebec Description":"Kvebekas, Šerbrukas, Driumonvilis",
"Canada_Quebek_Far North Description":"Radisonas, Akulivikas. Inukdžuakas",
"Canada_Quebek_Lachute Description":"Gatino, Manivokis, Mansfildas ir Pontefraktas",
"Canada_Quebek_Montreal Description":"Monrealis, Granbis, Lavalis",
"Canada_Quebek_North Description":"Set Ilis, Port Kartjė, Fermonas",
"Canada_Quebek_Southeast_Rimouski Description":"Gaspė, Rimuski, Sen Paskalis",
"Canada_Quebek_Southeast_Saguenay Description":"Bei Komo, Sagenė, Sen Felisjenas",
"Canada_Quebek_West_Chibougamau Description":"Šapė, Šibugamo, La Tiukas",
"Canada_Quebek_West_Rouyn-Noranda Description":"Ruinas-Noranda, Lebelis prie Kevijono, Senteras",
"Canada_Saskatchewan_North Description":"Medou Leikas, Blen Leikas, Sent Valbergas",
"Canada_Saskatchewan_Regina Description":"Melfortas, Melvilis, Redžaina",
"Canada_Saskatchewan_Saskatoon Description":"Saskatūnas, Vormanas, Heigas",
"Canada_Yukon_North Description":"Ros Riveris, Mėjas, Doson Sitis",
"Canada_Yukon_Whitehorse Description":"Votson Leikas, Vaithorsas, Heins Džankšenas",
"Cape Verde Description":"Praja, Ribeira Grandė, Sidade de Espargosas",
"Caribisch Nederland Description":"Sint Nikolasas, Vilemstadas, Oranjestadas",
"Cayman Islands Description":"Džordžtaunas, Vest Bėjus, Vest Endas",
"Central African Republic Description":"Bangis, Buaras, Baoro",
"Chad Description":"Ndžamena, Mao, Bolas",
"Chile_Central Description":"Santjagas, Pičilemu, San Antonijus",
"Chile_North Description":"Hanga Roa, Ikikė, Kokimbas",
"Chile_South Description":"Valdivija, Talkahuanas, Koronelis",
"China_Anhui Description":"Hefėjus, Baohė, Šušanas",
"China_Chongqing Description":"Čungkingas, Čangšou, Kajus",
"China_Fujian Description":"Longjanas, Sanmingas, Šaou",
"China_Gansu Description":"Landžou, Hongliuvanas, Dangčengvanas",
"China_Guangdong Description":"Gvangdžou, Šendženas, Dziangmenas",
"China_Guangxi Description":"Guigangas, Dongsingas, Udžou",
"China_Guizhou Description":"Gujangas, Liupanšujus, Veiningas",
"China_Hebei Description":"Pekinas, Tiandzinas, Šidziadžuangas",
"China_Heilongjiang Description":"Harbinas, Dzisi, Ninganas",
"China_Henan Description":"Džengdžou, Ugangas",
"China_Hubei Description":"Uhanas, Dzingdžou, Dangjangas",
"China_Hunan Description":"Čangša, Lianjuanas, Lilingas",
"China_Inner Mongolia Description":"Hohotas, Baotou, Erenhotas",
"China_Jiangsu Description":"Nandzingas, Taisingas, Sini",
"China_Jiangxi Description":"Gandžou, Šangžao, Ičūnas",
"China_Jilin Description":"Čangčūnas, Dzilinas, Meihekou",
"China_Liaoning Description":"Šenjangas, Lingjuanas, Vafangdianas",
"China_Ningxia Hui Description":"Džongvėjus, Udžongas, Čingtongsia",
"China_Qinghai Description":"Dulanas, Delingha, Gjegu",
"China_Shaanxi Description":"Sianas, Baodzi, Handžongas",
"China_Shandong Description":"Dzinanas, Taianas, Dzibo",
"China_Shanghai Description":"Šanchajus, Dzinšanas, Putuo",
"China_Shanxi Description":"Tajuanas, Čangdži, Huodžou",
"China_Sichuan Description":"Čengdu, Pandžihua, Ibinas",
"China_Tibet Autonomous Region Description":"Saga, Šaitongmoinas, Gjancė",
"China_Xinjiang Description":"Kašgaras, Tumšukas, Hotanas",
"China_Yunnan Description":"Kunmingas, Džedao, Jongbėjus",
"China_Zhejiang Description":"Dziandė, Hangdžou, Linanas",
"Colombia_East Description":"Mokoa, Viljavisensijus, Florensija",
"Colombia_North Description":"Kukuta, Medeljinas, Kartachena",
"Colombia_West Description":"Bogota, Kalis, Soača",
"Comoros Description":"Moronis, Mucamudu, Baziminis",
"Congo-Brazzaville Description":"Brazavilis, Puant Nuaras, Impfondo",
"Congo-Kinshasa_Kivu Description":"Bukavu, Benis, Goma",
"Congo-Kinshasa_West Description":"Kinšasa, Mbuži Majis, Lubumbašis",
"Costa Rica Description":"San Chosė, Palmyra, Alachuela",
"Cote dIvoire Description":"Abidžanas, Abobas, Jopugonas",
"Crimea Description":"Sevastopolis, Simferopolis, Kerčė",
"Croatia_Central Description":"Zagrebas, Osijekas, Ozalė",
"Croatia_West Description":"Splitas, Rijeka, Opatija",
"Cuba Description":"Havana, Kubos Santjagas, Sjenguegosas",
"Cyprus Description":"Nikosija, Limasolis, Larnaka, Pafas",
"Czech_Jihovychod_Jihomoravsky kraj Description":"Brno, Znoimas, Bržeclavas",
"Czech_Jihovychod_Kraj Vysocina Description":"Jihlava, Tršebyčius, Havliškūv Brodas",
"Czech_Jihozapad_Jihocesky kraj Description":"Česke Budejovicai, Taboras, Pysekas",
"Czech_Jihozapad_Plzensky kraj Description":"Pilzenas, Klatovai, Rokicanai",
"Czech_Karlovasky kraj Description":"Karlsbadas, Chebas, Sokolovas",
"Czech_Moravskoslezsko Description":"Ostrava, Haviržovas, Opava",
"Czech_Olomoucky kraj Description":"Olomoucas, Prostejovas, Pršerovas",
"Czech_Praha Description":"Praha",
"Czech_Severovychod_Kralovehradecky kraj Description":"Hradec Kralovė, Trutnovas, Nachodas",
"Czech_Severovychod_Liberecky kraj Description":"Liberecas, Jablonecas prie Nisos, Česka Lypa",
"Czech_Severovychod_Pardubicky kraj Description":"Pardubicė, Chrudimas, Svitavai",
"Czech_Stredni Cechy_East Description":"Kolynas, Pršybramas, Kutna Hora",
"Czech_Stredni Cechy_West Description":"Kladnas, Mlada Boleslavas, Berounas",
"Czech_Ustecky kraj Description":"Ūstis prie Labės, Mostas, Teplicė",
"Czech_Zlinsky Kraj Description":"Zlynas, Kromeržyžas, Vsetynas",
"Denmark_Capital Region of Denmark Description":"Kopenhaga, Skoulunė, Virumas",
"Denmark_Central Denmark Region Description":"Orhusas, Juelsmindė, Brabrandas",
"Denmark_North Denmark Region Description":"Olborgas, Joringas, Frederikshaunas",
"Denmark_Region Zealand Description":"Roskildė, Nestvedas, Grevė Strandas",
"Denmark_Region of Southern Denmark Description":"Odensė, Morudas, Korupas",
"Djibouti Description":"Džibutis, Randa, Jobokis",
"Dominica Description":"Rozo, Solsberis, Grand Bėjus",
"Dominican Republic Description":"Santo Domingas, Barahona, Asua",
"East Timor Description":"Dilis, Pante Makasaras, Vikekė",
"Ecuador_East Description":"Kitas, Kuenka, Tena",
"Ecuador_West Description":"Gvajakilis, Manta, Mačala",
"Egypt Description":"Kairas, Aleksandrija, Giza",
"El Salvador Description":"San Salvadoras, Ahuačapanas, Sonsonatė",
"Equatorial Guinea Description":"Malabas, Mongomas, Bata",
"Eritrea Description":"Asmara, Kerenas, Omhadžeris",
"Estonia_East Description":"Peltsama, Veru, Tartu",
"Estonia_West Description":"Talinas, Pernu, Mardu",
"Ethiopia Description":"Adis Abeba, Asela, Bahir Daras",
"Falkland Islands Description":"Stanlis, Folklando salos, Danous Hedas, Port Edgaras",
"Faroe Islands Description":"Torshaunas, Klaksvikas, Nordepilis",
"Federated States of Micronesia Description":"Palikyras, Kolonija, Tamvorohis",
"Fiji Description":"Suva, Nasinu, Nadis",
"Finland_Eastern Finland_North Description":"Alapitkė, Kolis, Kajanis",
"Finland_Eastern Finland_South Description":"Kuopijas, Joensū, Mikelis",
"Finland_Northern Finland Description":"Oulu, Rovaniemis, Kokola",
"Finland_Southern Finland_Helsinki Description":"Helsinkis, Espas, Vanta",
"Finland_Southern Finland_Lappeenranta Description":"Kouvola, Lapenranta, Kotka",
"Finland_Southern Finland_West Description":"Turku, Hemenlina, Salas",
"Finland_Western Finland_Jyvaskyla Description":"Juveskiulė, Lehtimekis, Kuorevesis",
"Finland_Western Finland_Tampere Description":"Tamperė, Poris, Vasa",
"France_Alsace_Bas-Rhin Description":"Strasbūras, Hagno, Šiltigemas",
"France_Alsace_Haut-Rhin Description":"Miulūzas, Kolmaras, Sen Lui",
"France_Aquitaine_Dordogne Description":"Perigė, Beržerakas, Bulazak Il Manuaras",
"France_Aquitaine_Gironde Description":"Bordo, Merinjakas, Pesakas",
"France_Aquitaine_Landes Description":"Mon de Marsanas, Daksas, Sen Polis prie Dakso",
"France_Aquitaine_Lot-et-Garonne Description":"Aženas, Vilnevas prie Loto, Marmandas",
"France_Aquitaine_Pyrenees-Atlantiques Description":"Po, Bajona, Anglė",
"France_Auvergne_Allier Description":"Monliusonas, Viši, Mulenas",
"France_Auvergne_Cantal Description":"Orijakas, Sen Flūras, Arpažonas prie Sero",
"France_Auvergne_Haute-Loire Description":"Le Piui an Velė, Monistrolis prie Luaros, Isenžo",
"France_Auvergne_Puy-de-Dome Description":"Klermonas-Feranas, Overnės Kurnonas, Rjomas",
"France_Brittany_Cotes-dArmor Description":"Sen Brijė, Lanjonas, Lambalis-Armoras",
"France_Brittany_Finistere Description":"Brestas, Kemperas, Konkarno",
"France_Brittany_Ille-et-Vilaine Description":"Renas, Sen Malo, Fužeras",
"France_Brittany_Morbihan Description":"Lorjanas, Vanas, Lanesteras",
"France_Burgundy_Cote-dOr Description":"Dižonas, Bonas, Šenovas",
"France_Burgundy_Nievre Description":"Neveras, Kon Kūras prie Luaros, Varenas-Vozelis",
"France_Burgundy_Saone-et-Loire Description":"Šalonas prie Sonos, Makonas, Le Krezo",
"France_Burgundy_Yonne Description":"Oseras, Sansas, Žuanji",
"France_Centre-Val de Loire_Cher Description":"Buržas, Vjerzonas, Sen Dulšaras",
"France_Centre-Val de Loire_Eure-et-Loir Description":"Šartras, Drė, Liusė",
"France_Centre-Val de Loire_Indre Description":"Šatoru, Isudenas, Deolis",
"France_Centre-Val de Loire_Indre-et-Loire Description":"Tūras, Žue le Turas, Sen Siras prie Luaros",
"France_Centre-Val de Loire_Loir-et-Cher Description":"Blua, Romoranten Lantnė, Vandomas",
"France_Centre-Val de Loire_Loiret Description":"Orleanas, Olivė, Sen Žan de Brė",
"France_Champagne-Ardenne Description":"Reimsas, Trua, Šarlevilis-Mezjeras",
"France_Corsica Description":"Ajačas, Bastja, Porto Vekjas",
"France_Free County_North Description":"Bezansonas, Belforas, Monbeljaras",
"France_Free County_South Description":"Pontarljė, Lon le Sonjė, Sen Klodas",
"France_French Guiana Description":"Kajenas, Sen Loran diu Maroni, Maturi",
"France_Ile-de-France_Essonne Description":"Evri, Korbej Esonas, Masi",
"France_Ile-de-France_Hauts-de-Seine Description":"Bulonė-Bijankūras, Nanteras, Kurbevua",
"France_Ile-de-France_Paris Description":"Paryžius, Paryžiaus Kampanė",
"France_Ile-de-France_Seine-Saint-Denis Description":"Sen Deni, Montrėjus, Oberviljė",
"France_Ile-de-France_Seine-et-Marne Description":"Mo, Šelis, Melenas",
"France_Ile-de-France_Val-dOise Description":"Aržantėjus, Serži, Sarselis",
"France_Ile-de-France_Val-de-Marne Description":"Vitri prie Senos, Kretėjus, Šampinji prie Marnos",
"France_Ile-de-France_Yvelines Description":"Versalis, Sartruvilis, Sen Žermenas prie Lė",
"France_Languedoc-Roussillon_Aude Description":"Narbonas, Karkasonas, Kastelnodari",
"France_Languedoc-Roussillon_Gard Description":"Nimas, Alesas, Banjolis prie Sezo",
"France_Languedoc-Roussillon_Herault Description":"Monpeljė, Bezjė, Setas",
"France_Languedoc-Roussillon_Lozere Description":"Mandas, Marvežolis, Sen Šeli d’Apšė",
"France_Languedoc-Roussillon_Pyrenees-Orientales Description":"Perpinjanas, Rusijono Kanė, Sent Estevas",
"France_Limousin Description":"Limožas, Briv la Gajaras, Tiulis",
"France_Lorraine_Meurthe-et-Moselle Description":"Nansi, Vandevras prie Nansi, Liunevilis",
"France_Lorraine_Meuse Description":"Verdenas, Bar le Diukas, Komersi",
"France_Lorraine_Moselle Description":"Mecas, Tjonvilis, Montinji prie Meco",
"France_Lorraine_Vosges Description":"Epinalis, Vogėzų Sen Djė, Žerarmė",
"France_Lower Normandy_Calvados Description":"Kanas, Heruvil Sen Kleras, Lizjė",
"France_Lower Normandy_Manche Description":"Kotanteno Šerbūras, Sen Lo, Granvilis",
"France_Lower Normandy_Orne Description":"Alansonas, Fleras, Aržantanas",
"France_Midi-Pyrenees_Ariege Description":"Pamjė, Fua, Sen Žironas",
"France_Midi-Pyrenees_Aveyron Description":"Rodezas, Mijo, Vilfranš de Ruergas",
"France_Midi-Pyrenees_Gers Description":"Ošas, L’Il Žurdenas, Kondonas",
"France_Midi-Pyrenees_Haute-Garonne Description":"Tulūza, Kolomjė, Turnfėjus",
"France_Midi-Pyrenees_Hautes-Pyrenees Description":"Tarbas, Lurdesas, Orejanas",
"France_Midi-Pyrenees_Lot Description":"Kahoras, Fižakas, Gurdonas",
"France_Midi-Pyrenees_Tarn Description":"Albi, Kastras, Gajakas",
"France_Midi-Pyrenees_Tarn-et-Garonne Description":"Montobanas, Kastelsarazenas, Muasakas",
"France_New Caledonia Description":"Puandimjė, Numėja, Ponerihvenas",
"France_Nord-Pas-de-Calais_Lille Description":"Lilis, Rubė, Turkuenas",
"France_Nord-Pas-de-Calais_Nord Description":"Valansjenas, Duė, Kambrė",
"France_Nord-Pas-de-Calais_Pas-de-Calais Description":"Kalė, Pajūrio Bulonė, Arasas",
"France_Pays de la Loire_Loire-Atlantique_Nantes Description":"Nantas, Sent Herblenas, Rezė",
"France_Pays de la Loire_Loire-Atlantique_Saint-Nazaire Description":"Sen Nazeras, Gerandas, La Bol Eskublakas",
"France_Pays de la Loire_Maine-et-Loire Description":"Anžė, Šolė, Somiūras",
"France_Pays de la Loire_Mayenne Description":"Lavalis, Šato Gontjė, Majenas",
"France_Pays de la Loire_Sarthe Description":"Le Manas, La Flešas, Sablė prie Sarto",
"France_Pays de la Loire_Vendee Description":"La Rošas prie Jono, Le Sabl d’Olonas, Šalanas",
"France_Picardy_Aisne Description":"Sen Kantenas, Suasonas, Lanas",
"France_Picardy_Oise Description":"Bovė, Kompjenė, Krėjus",
"France_Picardy_Somme Description":"Amjenas, Abevilis, Alberas",
"France_Poitou-Charentes_Charente Description":"Angulemas, Konjakas, Suajo",
"France_Poitou-Charentes_Charente-Maritime Description":"La Rošelis, Sentas, Rošforas",
"France_Poitou-Charentes_Deux-Sevres Description":"Njoras, Bresiuyras, Tuaras",
"France_Poitou-Charentes_Vienne Description":"Puatjė, Šatelro, Biusrolis",
"France_Provence-Alpes-Cote dAzur_Alpes-de-Haute-Provence Description":"Manoskas, Din le Benas, Sisteronas",
"France_Provence-Alpes-Cote dAzur_Bouches-du-Rhone Description":"Marselis, Provanso Eksas, Arlis",
"France_Provence-Alpes-Cote dAzur_Hautes-Alpes Description":"Gapas, Briansonas, Ambrenas",
"France_Provence-Alpes-Cote dAzur_Maritime Alps Description":"Nica, Antibas, Kanai",
"France_Provence-Alpes-Cote dAzur_Var Description":"Tulonas, Pajūrio La Senas, Frežiusas",
"France_Provence-Alpes-Cote dAzur_Vaucluse Description":"Avinjonas, Karpantra, Oranžas",
"France_Rhone-Alpes_Ain Description":"Breso Burgas, Ojona, Valseronas",
"France_Rhone-Alpes_Ardeche Description":"Anonė, Obena, Gijeran Granžas",
"France_Rhone-Alpes_Drome Description":"Valansas, Montelimaras, Romanas prie Izero",
"France_Rhone-Alpes_Haute-Savoie Description":"Ansi, Anmasas, Tonon le Benas",
"France_Rhone-Alpes_Isere Description":"Grenoblis, Sen Marten d’Heras, Eširolis",
"France_Rhone-Alpes_Loire Description":"Sent Etjenas, Sen Šamonas, Roanas",
"France_Rhone-Alpes_Rhone Description":"Lionas, Vilerbanas, Venisjė",
"France_Rhone-Alpes_Savoie Description":"Šamberi, Eks le Benas, Albervilis",
"France_Southern Islands Description":"Le Portas, Sen Deni, Kokoni",
"France_Upper Normandy Description":"Havras, Ruanas, Evrė",
"French Polynesia Description":"Vaitapė, Vaitahu, Tiputa",
"Gabon Description":"Librevilis, Por Žantilis, Sanžala",
"Georgia Description":"Tbilisis, Kutaisis, Batumis",
"Germany_Baden-Wurttemberg_Regierungsbezirk Freiburg Description":"Breisgau Freiburgas, Filingenas-Šveningenas, Konstansa",
"Germany_Baden-Wurttemberg_Regierungsbezirk Karlsruhe Description":"Manheimas, Karlsrūhė, Heidelbergas",
"Germany_Baden-Wurttemberg_Regierungsbezirk Stuttgart_Heilbronn Description":"Heilbronas, Švabijos Halis, Krailsheimas",
"Germany_Baden-Wurttemberg_Regierungsbezirk Stuttgart_Stuttgart Description":"Štutgartas, Eslingemas prie Nekaro, Liudvigsburgas",
"Germany_Baden-Wurttemberg_Regierungsbezirk Tubingen Description":"Ulmas, Roitlingenas, Tiubingenas",
"Germany_Berlin Description":"Berlynas, Falkenbergas, Griunekas",
"Germany_Brandenburg_North Description":"Brandenburgas, Potsdamas, Panketalis",
"Germany_Brandenburg_South Description":"Frankfurtas prie Oderio, Kotbusas",
"Germany_Free State of Bavaria_Lower Bavaria Description":"Landshutas, Pasau, Štraubingas",
"Germany_Free State of Bavaria_Lower Franconia Description":"Viurcburgas, Ašafenburgas, Šveinfurtas",
"Germany_Free State of Bavaria_Middle Franconia Description":"Niurnbergas, Fiurtas, Erlangenas",
"Germany_Free State of Bavaria_Swabia Description":"Augsburgas, Algojaus Kemptenas, Noi Ulmas",
"Germany_Free State of Bavaria_Upper Bavaria_East Description":"Rozenheimas",
"Germany_Free State of Bavaria_Upper Bavaria_Ingolstadt Description":"Ingolštatas, Freizingas, Noiburgas prie Dunojaus",
"Germany_Free State of Bavaria_Upper Bavaria_Munchen Description":"Miunchenas, Dachau",
"Germany_Free State of Bavaria_Upper Bavaria_South Description":"Pfišternas, Šongau, Hoenpaisenbergas",
"Germany_Free State of Bavaria_Upper Franconia Description":"Bairoitas, Bambergas, Hofas",
"Germany_Free State of Bavaria_Upper Palatinate Description":"Rėgensburgas, Ambergas, Aukštutinio Pfalco Veidenas",
"Germany_Hamburg_main Description":"Hamburgas, Netelnburgas, Fiunfhausenas",
"Germany_Hesse_Regierungsbezirk Darmstadt Description":"Frankfurtas prie Maino, Vysbadenas, Darmštatas",
"Germany_Hesse_Regierungsbezirk Giessen Description":"Lauterbachas, Gysenas, Marburgas",
"Germany_Hesse_Regierungsbezirk Kassel Description":"Kaselis, Fulda, Felis",
"Germany_Lower Saxony_Braunschweig Description":"Brunsvikas, Getingenas, Volfsburgas",
"Germany_Lower Saxony_Bremen_Bremen Description":"Brėmenas, Brėmerhafenas, Uchtė",
"Germany_Lower Saxony_Bremen_Munster Description":"Rotenburgas prie Viumės, Vinzenas prie Luės, Bukstehudė",
"Germany_Lower Saxony_Hannover Description":"Hanoveris, Hildesheimas, Bad Nendorfas",
"Germany_Lower Saxony_Oldenburg Description":"Osnabriukas, Oldenburgas, Nordhornas",
"Germany_Mecklenburg-Vorpommern Description":"Rostokas, Šverinas, Vismaras",
"Germany_North Rhine-Westphalia_Regierungsbezirk Arnsberg_Arnsberg Description":"Zygenas, Arnsbergas, Liudenšeidas",
"Germany_North Rhine-Westphalia_Regierungsbezirk Arnsberg_Dortmund Description":"Dortmundas, Bochumas, Hagenas",
"Germany_North Rhine-Westphalia_Regierungsbezirk Detmold Description":"Bylefeldas, Paderbornas, Giuterslas",
"Germany_North Rhine-Westphalia_Regierungsbezirk Dusseldorf_Dusseldorf Description":"Diuseldorfas, Vupertalis, Menchengladbachas",
"Germany_North Rhine-Westphalia_Regierungsbezirk Dusseldorf_Mulheim Description":"Esenas, Duisburgas, Krėfeldas",
"Germany_North Rhine-Westphalia_Regierungsbezirk Dusseldorf_Wesel Description":"Vėzelis, Klėvė, Geldernas",
"Germany_North Rhine-Westphalia_Regierungsbezirk Koln_Aachen Description":"Achenas, Diurenas, Zimeratas",
"Germany_North Rhine-Westphalia_Regierungsbezirk Koln_Koln Description":"Kelnas, Bona, Lėverkuzenas",
"Germany_North Rhine-Westphalia_Regierungsbezirk Munster_Munster Description":"Miunsteris, Reinė, Alenas",
"Germany_North Rhine-Westphalia_Regierungsbezirk Munster_Recklinghausen Description":"Gelzenkirchenas, Botropas, Reklinghauzenas",
"Germany_Rhineland-Palatinate_Koblenz Description":"Koblencas, Tryras, Noivydas",
"Germany_Rhineland-Palatinate_South Description":"Maincas, Liudvigshafenas prie Reino, Kaizerslauternas",
"Germany_Saarland Description":"Sarbriukenas, Noikirchenas prie Saro, Homburgas",
"Germany_Saxony-Anhalt_Halle Description":"Halė, Desau-Roslau, Cerbstas/Anhaltas",
"Germany_Saxony-Anhalt_Magdeburg Description":"Magdeburgas, Halberštatas, Ašerslėbenas",
"Germany_Saxony_Dresden Description":"Dresdenas, Gerlicas, Širgisvaldė-Kiršau",
"Germany_Saxony_Leipzig Description":"Leipcigas, Chemnicas, Cvikau",
"Germany_Schleswig-Holstein_Flensburg Description":"Flensburgas, Elmshornas, Pinebergas",
"Germany_Schleswig-Holstein_Kiel Description":"Kylis, Liubekas, Noimiunsteris",
"Germany_Thuringia Description":"Erfurtas, Jėna, Gėra",
"Ghana Description":"Akra, Kumasis, Večiau",
"Gibraltar Description":"Gibraltaras, Katalan Bėjus",
"Greece_Decentralized Administration of Aegean Description":"Kosas, Paras, Nausa",
"Greece_Decentralized Administration of Attica Description":"Atėnai, Egalėjas, Kamateras",
"Greece_Decentralized Administration of Crete Description":"Heraklionas, Elunda, Chanija",
"Greece_Decentralized Administration of Epirus - Western Macedonia Description":"Ejanė, Janina, Galatinė",
"Greece_Decentralized Administration of Macedonia and Thrace Description":"Tesalonikė, Makrochoris, Platis",
"Greece_Decentralized Administration of Thessaly - Central Greece Description":"Chalkidė, Larisa, Volas",
"Greece_Decentralized Administration of West Greece Description":"Patrai, Lefkas, Kalamata",
"Greenland Description":"Kangatsiakas, Kakortokas, Pamiutas",
"Grenada Description":"Sent Džordžesas, Gujavas, Kalivinji",
"Guadeloupe Description":"Lez Abimas, Be Maho, Gosjė",
"Guatemala Description":"Gvatemala, Kecaltenangas, Santo Tomas de Kastilja",
"Guernsey Description":"Sent Piter Portas, Sent Ana, Bridžas",
"Guinea Description":"Konakris, Koja, Nzerekorė",
"Guinea-Bissau Description":"Bisau, Mansoa, Bubakė",
"Guyana Description":"Džordžtaunas, Niu Amsterdamas, Port Kaituma",
"Haiti Description":"Port o Prensas, Karefūras, Tabaras",
"Honduras Description":"Tegusigalpa, San Pedro Sula, Santa Barbara",
"Hungary_Kozep-Magyarorszag Description":"Budapeštas, Ėrdas, Dunakesis",
"Hungary_Northern Great Plain Description":"Debrecenas, Segedas, Miškolcas",
"Hungary_Transdanubia Description":"Pėčas, Dėras, Sėkešfehėrvaras",
"Iceland Description":"Reikjavikas, Patreksfjorduras, Grundarfjorduras",
"India_Andaman and Nicobar Islands Description":"Port Bleras, Vandūras, Ferargundžas",
"India_Andhra Pradesh Description":"Vidžajavada, Visakapatnamas, Guntūras",
"India_Arunachal Pradesh Description":"Koloriangas, Alongas",
"India_Assam Description":"Guvahatis, Silčaras, Džoratas",
"India_Bihar Description":"Baksaras, Patna, Gaja",
"India_Chandigarh Description":"Čandygaras, Palsora, Kaheris",
"India_Chhattisgarh Description":"Bilaspuras, Ambikapuras, Bilajus",
"India_Delhi Description":"Delis, Naujasis Delis, Nankeris",
"India_Goa Description":"Panadžis, Margaunas, Dičolis",
"India_Gujarat Description":"Ahmadabadas, Džamnagaras, Suratas",
"India_Haryana Description":"Pančkula, Revaris, Rohtakas",
"India_Himachal Pradesh Description":"Nurpuras, Mandis, Bharmuras",
"India_Jammu and Kashmir Description":"Šrynagaras, Džamu, Udampuras",
"India_Jharkhand Description":"Ranči, Danbadas, Džamšedpuras"
}
